ci,primer_nombre,apellido,email,genero,llegada,num_hab
23.241.861,Berkley,Perico,bperico4e@gizmodo.com,Polygender,04/11/2022,1
67.643.434,Kinna,Duhig,kduhig7p@e-recht24.de,Female,26/11/2022,1
56.870.411,Matty,Bim,mbime3@com.com,Male,01/07/2022,1
68.136.773,Charity,Persey,cperseymg@a8.net,Female,18/02/2023,1
62.675.183,Carolan,Noto,cnoton7@marketwatch.com,Female,21/08/2022,1
81.362.769,Kathrine,Yarnton,kyarntonqf@walmart.com,Female,21/05/2023,1
41.493.392,Ray,Killigrew,rkilligrew6d@cnet.com,Female,25/07/2022,2
49.859.967,Virginie,Heller,vhellercc@google.de,Female,08/05/2023,2
92.416.732,Tori,Mardell,tmardelllx@ihg.com,Female,07/08/2022,2
49.925.393,Brinn,Simmank,bsimmankoq@networksolutions.com,Female,24/06/2022,2
90.535.708,Paxon,Diddams,pdiddamsfi@oracle.com,Male,03/06/2023,3
12.031.096,Germain,Backhurst,gbackhurston@cloudflare.com,Male,14/09/2022,3
63.841.242,Finley,Brockhurst,fbrockhurstni@360.cn,Male,07/12/2022,4
30.230.139,Leeanne,Crapper,lcrapperpg@netvibes.com,Polygender,22/06/2022,4
15.682.342,Dennie,Edgson,dedgson5v@cisco.com,Female,27/07/2022,5
48.927.998,Hedwiga,Loude,hloude8u@4shared.com,Agender,15/02/2023,5
62.400.879,Auberon,Coffelt,acoffeltdp@springer.com,Male,25/04/2023,5
13.652.229,Aurie,Bediss,abedissq1@amazon.co.jp,Female,11/03/2023,6
55.724.621,Rice,Itzkovitch,ritzkovitchpm@t.co,Male,10/05/2023,7
22.996.548,Marabel,Keable,mkeable2m@kickstarter.com,Agender,22/02/2023,8
84.743.106,Christiano,Cushworth,ccushworthcu@shareasale.com,Male,26/05/2023,8
14.826.127,Gus,Laviste,glaviste91@facebook.com,Male,15/02/2023,9
81.470.994,Aleece,Chapiro,achapiroep@cmu.edu,Female,23/11/2022,9
61.129.611,Sindee,Gravett,sgravettk2@sakura.ne.jp,Female,28/12/2022,9
19.876.576,Xerxes,Samwell,xsamwellrl@posterous.com,Male,31/12/2022,9
96.935.240,Tierney,Cliburn,tcliburn8i@fda.gov,Female,13/02/2023,10
25.245.786,Letti,Lockey,llockeydo@nba.com,Female,25/05/2023,10
17.968.820,Wendye,Findley,wfindley1o@simplemachines.org,Female,20/04/2023,11
51.818.764,Marissa,Giamitti,mgiamitti4z@angelfire.com,Female,07/07/2022,11
49.838.746,Bord,Ravilious,braviliouslz@japanpost.jp,Male,06/03/2023,11
39.889.687,Alisun,Billson,abillsonpo@flickr.com,Female,09/03/2023,11
5.425.282,Billie,Buck,bbuckdv@craigslist.org,Male,10/09/2022,12
37.993.434,Bruce,Vosse,bvosse9b@harvard.edu,Male,09/04/2023,13
19.681.466,Meade,De Laspee,mdelaspeek6@myspace.com,Male,22/10/2022,13
61.507.489,Nerty,Kobpac,nkobpacph@creativecommons.org,Female,02/05/2023,13
17.556.728,Ode,Hackworth,ohackworthiy@mediafire.com,Male,17/08/2022,14
34.911.601,Ettie,Piatti,epiatti3@patch.com,Female,03/05/2023,15
414.383,Shaw,Legister,slegister97@delicious.com,Male,27/08/2022,15
38.802.814,Guillermo,Elphee,gelpheeq4@webnode.com,Male,24/08/2022,15
17.767.946,Michele,Ovington,movington2y@cnbc.com,Male,01/12/2022,16
6.001.328,Lorrayne,Sollam,lsollam2p@bloomberg.com,Female,03/04/2023,17
79.307.454,Davis,Episcopio,depiscopiodr@i2i.jp,Male,10/02/2023,17
9.313.341,Pedro,Izat,pizatfq@chicagotribune.com,Male,29/11/2022,17
83.697.444,Tamara,Spieck,tspieckjk@blogs.com,Female,29/09/2022,17
64.168.264,Pippa,Wildes,pwildesog@quantcast.com,Female,22/08/2022,17
34.032.640,Margie,Arnell,marnell4m@meetup.com,Female,29/03/2023,18
60.723.374,Angelico,Cranny,acranny4s@illinois.edu,Male,17/12/2022,18
84.273.370,Griff,Peakman,gpeakman90@oracle.com,Male,02/02/2023,18
72.214.844,Patrizio,Staines,pstainesap@oakley.com,Male,15/05/2023,18
36.024.410,Tedd,Ruddell,truddellov@desdev.cn,Male,14/02/2023,18
49.988.788,Wyatan,Stuchberry,wstuchberry2e@naver.com,Male,06/07/2022,19
17.615.035,Miof mela,Spridgen,mspridgenh0@ask.com,Female,26/08/2022,19
86.380.782,Thomas,Andell,tandello9@multiply.com,Male,17/09/2022,19
80.325.424,Clarey,Trice,ctriceng@apple.com,Female,01/05/2023,20
58.712.787,Lonny,Arrington,larrington7s@imdb.com,Male,31/12/2022,21
44.238.317,Max,Kneaphsey,mkneaphseybk@printfriendly.com,Female,11/12/2022,21
21.359.553,Olav,Skocroft,oskocroftld@simplemachines.org,Male,09/06/2022,21
95.600.585,Lauraine,Jacqueminot,ljacqueminotns@canalblog.com,Female,28/11/2022,21
20.363.566,Maurizia,Casse,mcasseol@upenn.edu,Female,08/04/2023,21
28.969.753,Hilarius,Chumley,hchumleyp0@wikipedia.org,Male,23/04/2023,21
67.133.434,Pepita,Okey,pokeyqs@edublogs.org,Female,20/09/2022,21
65.780.078,Abey,Kindred,akindred1e@mysql.com,Male,09/04/2023,22
54.618.636,Audrey,Espinoza,aespinoza7d@lycos.com,Female,20/06/2022,23
63.645.069,Lindie,Jacobi,ljacobi3n@cnn.com,Female,24/11/2022,25
17.132.511,Dallon,O'Sheilds,dosheilds44@chronoengine.com,Bigender,28/01/2023,25
49.720.264,Sherry,Angless,sangless7k@feedburner.com,Female,28/12/2022,25
82.008.774,Gwendolyn,Denny,gdennyf@diigo.com,Female,07/10/2022,26
66.765.042,Brand,Betancourt,bbetancourt3v@marriott.com,Genderqueer,05/02/2023,26
64.651.367,Bevon,Alcorn,balcorn45@xrea.com,Male,27/10/2022,26
26.177.430,Alikee,Igonet,aigonetc0@berkeley.edu,Female,27/07/2022,26
69.191.963,Oswell,Conyers,oconyersml@lulu.com,Male,17/07/2022,26
46.197.531,Vevay,Andriuzzi,vandriuzziqa@apache.org,Female,17/06/2022,26
66.767.381,Karmen,Mirams,kmirams5z@odnoklassniki.ru,Female,09/06/2022,27
6.471.355,Artemas,Bevir,abevir96@google.it,Male,22/08/2022,27
58.642.507,Danit,Tremberth,dtremberthbb@360.cn,Female,20/07/2022,27
97.507.765,Gayleen,Woliter,gwolitere6@vistaprint.com,Female,04/11/2022,27
92.400.977,Danya,Gavrielly,dgavriellyj7@taobao.com,Female,22/01/2023,27
61.025.755,Rudolfo,Nelles,rnellesnh@comsenz.com,Male,10/02/2023,27
65.205.324,Anica,Schuchmacher,aschuchmacheroc@shareasale.com,Bigender,07/03/2023,27
51.330.451,Anitra,Wallworth,awallworthrn@nasa.gov,Bigender,25/02/2023,27
79.567.497,Cecilia,Thatcher,cthatcheriq@ihg.com,Female,18/09/2022,28
97.920.921,Eugenia,Leaney,eleaneyam@google.ca,Female,04/02/2023,29
79.587.252,Maryjane,Fitzsymonds,mfitzsymondsfo@cdc.gov,Female,01/06/2023,29
98.672.342,Rip,McIlmurray,rmcilmurrayh6@smugmug.com,Non-binary,02/08/2022,29
22.390.912,Redd,L'argent,rlargenti8@ihg.com,Male,02/01/2023,29
33.348.920,Phillie,Pemberton,ppembertonnr@statcounter.com,Female,09/04/2023,29
92.033.414,Zulema,Batie,zbatie48@myspace.com,Female,01/04/2023,30
95.854.997,Mikael,Knapman,mknapman5n@tamu.edu,Male,22/08/2022,30
54.446.909,Horatius,Blaiklock,hblaiklockfe@acquirethisname.com,Male,20/11/2022,30
87.065.743,Mikael,Flannery,mflannerygg@elegantthemes.com,Male,03/06/2023,30
9.508.730,Janith,Fattorini,jfattorinih5@umn.edu,Female,16/11/2022,30
1.701.715,Elsworth,Berggren,eberggrenqw@nytimes.com,Male,26/05/2023,30
52.939.944,Bealle,Union,bunionbo@stanford.edu,Male,14/09/2022,31
36.654.425,Garrik,Simnell,gsimnelliu@storify.com,Male,10/10/2022,31
25.448.453,Pauli,Ellwell,pellwellae@jalbum.net,Female,03/05/2023,32
13.204.141,Alfie,Tripcony,atripconycp@soup.io,Male,08/11/2022,32
47.530.046,Walsh,Mattea,wmatteam0@chronoengine.com,Male,23/04/2023,32
13.510.276,Royall,Shimony,rshimonyfp@sitemeter.com,Male,11/10/2022,33
51.739.066,Marsiella,Pischel,mpischeljq@vinaora.com,Female,12/01/2023,33
66.979.213,Massimo,Follows,mfollowsb3@rediff.com,Male,17/07/2022,34
21.536.756,Fredric,Berends,fberendsd8@nifty.com,Male,23/03/2023,34
25.012.290,Curt,Beadnell,cbeadnellgm@squidoo.com,Male,26/10/2022,34
76.909.579,Ruthie,Pettet,rpettetqh@w3.org,Genderfluid,14/09/2022,34
69.000.228,Georgie,Sturt,gsturtqi@mlb.com,Female,23/12/2022,34
12.527.492,Norma,Doleman,ndolemana@usa.gov,Female,08/12/2022,35
26.342.100,Sallyanne,Ciotto,sciottohc@geocities.jp,Female,02/08/2022,35
64.124.913,Danielle,Melledy,dmelledy52@163.com,Bigender,29/10/2022,36
57.076.571,El,Biss,ebiss6j@furl.net,Male,11/01/2023,36
85.774.579,Cary,Raeburn,craeburno2@mit.edu,Male,04/06/2023,36
64.714.407,Wendall,Kindley,wkindley7z@cargocollective.com,Male,29/11/2022,37
35.183.838,Corena,Charlick,ccharlickas@businessinsider.com,Female,02/06/2023,37
52.379.777,Sissie,MacIlraith,smacilraithhe@google.ca,Female,30/04/2023,37
25.567.622,Cherilyn,Gothliff,cgothliffhz@ycombinator.com,Female,12/03/2023,37
98.310.421,Fiann,Pryde,fprydelq@bbc.co.uk,Female,24/09/2022,37
8.668.345,Konstance,Alessandrini,kalessandrinir8@reddit.com,Female,24/07/2022,37
16.655.828,Vale,Arrol,varrol53@360.cn,Male,19/06/2022,38
59.981.898,Maje,Plessing,mplessing7f@shutterfly.com,Male,02/01/2023,38
58.195.372,Bancroft,Bassett,bbassettgd@umn.edu,Male,16/07/2022,38
4.921.118,Dukie,Berrie,dberrieny@senate.gov,Male,17/11/2022,38
35.958.948,Charmaine,Malarkey,cmalarkeyb6@drupal.org,Female,25/03/2023,39
62.258.476,Katey,Gosse,kgosseb8@t-online.de,Female,29/12/2022,39
73.235.529,Nevsa,O' Timony,notimonyp1@utexas.edu,Female,24/10/2022,39
54.222.690,Kayla,Limpertz,klimpertz70@smugmug.com,Female,14/10/2022,40
80.439.231,Clarke,Werendell,cwerendell7g@bandcamp.com,Genderfluid,28/07/2022,40
68.239.063,Corey,Heinritz,cheinritzqn@slashdot.org,Male,08/10/2022,40
36.414.806,Sandro,Simants,ssimantsgp@yandex.ru,Male,10/08/2022,41
40.007.460,Kelcy,Farnham,kfarnhammw@slashdot.org,Female,11/08/2022,41
23.364.052,Fidelia,Foulks,ffoulksnz@woothemes.com,Female,14/01/2023,42
38.848.385,Dallon,Gradwell,dgradwell54@salon.com,Male,10/09/2022,43
18.580.489,Helenka,Twydell,htwydell9n@1und1.de,Female,25/04/2023,43
45.023.072,Lyndel,Asbery,lasbery8n@mac.com,Female,05/03/2023,44
36.269.384,Gorden,Pennino,gpenninoec@networksolutions.com,Male,11/03/2023,44
83.362.189,Leisha,Kem,lkemfg@a8.net,Female,17/01/2023,44
79.158.146,Camila,Praundlin,cpraundlinr7@psu.edu,Female,16/03/2023,44
23.410.719,Godart,Ollerhead,gollerheadn@psu.edu,Male,23/03/2023,45
75.529.920,Gertrudis,Jindrich,gjindrich1l@soup.io,Female,27/04/2023,45
61.819.963,Amata,Fortescue,afortescue39@tiny.cc,Polygender,23/09/2022,46
37.152.706,Lesley,Davoren,ldavoreni3@paginegialle.it,Female,29/06/2022,46
10.263.676,Hunter,Torricina,htorricinai9@wired.com,Male,22/11/2022,46
14.095.732,Locke,Woolston,lwoolstonnj@eventbrite.com,Male,07/05/2023,46
26.783.625,Zeke,Bony,zbony5y@ezinearticles.com,Male,11/08/2022,47
55.687.126,Bethena,Parades,bparadeses@abc.net.au,Female,08/07/2022,47
54.502.604,Emily,Fronczak,efronczakpk@angelfire.com,Genderfluid,02/05/2023,47
74.883.147,Emery,Wigg,ewigg0@apple.com,Male,15/07/2022,48
62.514.362,Enrika,Medlen,emedlen9w@people.com.cn,Female,22/03/2023,48
48.568.482,Alisha,Innwood,ainnwoodkt@ycombinator.com,Female,03/05/2023,48
91.878.320,Gilli,Acreman,gacremanlm@nature.com,Female,25/12/2022,48
67.231.152,Elizabeth,Blown,eblown2b@dedecms.com,Female,26/02/2023,49
31.072.219,Aliza,Hulson,ahulson73@1und1.de,Female,25/03/2023,49
49.468.636,Lisette,Elles,lelleseg@altervista.org,Female,07/11/2022,49
9.376.069,Alexio,Petruk,apetrukht@ucla.edu,Male,26/02/2023,49
41.877.256,Joyce,Fillingham,jfillinghami6@smh.com.au,Female,08/09/2022,49
20.392.390,Veda,Ties,vtiesii@technorati.com,Female,30/03/2023,49
74.351.310,Lefty,Ferri,lferrimr@google.com.br,Male,31/07/2022,49
65.647.547,Wilmar,Dugget,wdugget38@arizona.edu,Male,20/07/2022,50
60.166.887,Tomi,Abells,tabellsiv@pbs.org,Female,17/10/2022,50
44.621.284,Iolanthe,Richter,irichter4@123-reg.co.uk,Female,24/10/2022,51
95.602.599,Linoel,Perigoe,lperigoe1q@nps.gov,Male,10/12/2022,51
330.881,Georgetta,Murie,gmurie9a@nationalgeographic.com,Female,12/12/2022,51
6.332.926,Mordy,Zellick,mzellick1d@hibu.com,Male,07/06/2023,52
47.644.851,Barbara,Baish,bbaish1z@mlb.com,Female,11/11/2022,52
99.229.121,Bronny,Abbes,babbes5j@cisco.com,Male,17/04/2023,52
94.704.378,Glad,Hartus,ghartusce@phpbb.com,Female,07/03/2023,52
66.697.285,Scott,Dainty,sdaintyf1@prweb.com,Male,05/01/2023,52
85.427.755,Oralle,Base,obaself@tamu.edu,Female,18/12/2022,52
74.448.820,Mack,Yakunkin,myakunkin5x@berkeley.edu,Male,11/12/2022,53
57.964.563,Paul,Rantoul,prantoulc4@diigo.com,Male,06/05/2023,53
12.577.973,Nickolas,Giabucci,ngiabuccinf@netlog.com,Male,24/10/2022,53
19.404.684,Kale,Lamar,klamarrd@biglobe.ne.jp,Male,06/04/2023,53
349.027,Deeann,Badini,dbadini6i@fotki.com,Female,21/04/2023,54
73.291.748,Jessa,Everil,jeveriljh@yale.edu,Female,02/09/2022,54
97.774.722,Launce,Berndtsson,lberndtssonky@printfriendly.com,Male,30/08/2022,54
86.433.084,Kaile,Seif,kseif5f@psu.edu,Female,22/08/2022,55
47.516.940,Wynne,Altham,waltham81@adobe.com,Female,08/05/2023,55
99.262.013,Selig,Duchateau,sduchateau3l@mediafire.com,Male,04/05/2023,56
87.473.896,Kathye,Bollin,kbollin64@jigsy.com,Female,11/12/2022,56
46.021.265,Jacqui,Goroni,jgoronibl@prweb.com,Female,21/03/2023,56
81.105.393,Roxanna,Raybould,rraybouldil@google.es,Female,21/02/2023,56
98.066.433,Abel,Gunther,agunthernb@rakuten.co.jp,Male,16/07/2022,56
16.152.701,Dorie,Fulbrook,dfulbrooknc@google.com.hk,Male,20/05/2023,56
16.982.272,Cecil,Lambrecht,clambrechtpu@ameblo.jp,Female,26/04/2023,56
53.258.667,Maryrose,Antonijevic,mantonijevic5g@ox.ac.uk,Female,24/09/2022,57
65.388.262,Klara,Mallalieu,kmallalieuah@wikispaces.com,Female,27/06/2022,57
91.283.537,Conny,Gunton,cguntonbd@booking.com,Male,12/06/2022,57
99.704.920,Lisle,Wartonby,lwartonbyct@unesco.org,Genderqueer,17/05/2023,57
72.799.435,Joan,McGeachey,jmcgeacheykw@hp.com,Agender,29/08/2022,57
43.427.109,Wade,O' Shea,wosheams@bluehost.com,Male,18/04/2023,57
12.116.939,Windham,Boar,wboar3z@php.net,Male,30/10/2022,58
52.130.808,Andrey,Strainge,astraingedc@archive.org,Male,02/12/2022,58
951.397,Bridget,Longfield,blongfieldkj@psu.edu,Female,19/01/2023,58
35.703.041,Kaylil,Haggerwood,khaggerwooda3@umich.edu,Female,10/12/2022,59
41.976.867,Pat,Fulep,pfulepcx@oaic.gov.au,Male,04/09/2022,59
51.345.379,Regine,Vass,rvassk8@alexa.com,Female,11/10/2022,61
58.051.305,Ivar,Larver,ilarver17@slashdot.org,Male,30/08/2022,62
39.683.930,Matias,Guiso,mguisohh@abc.net.au,Male,28/10/2022,62
64.049.978,Marcelle,Padgham,mpadghammx@salon.com,Female,11/07/2022,62
67.066.974,Belinda,Stenett,bstenetti4@instagram.com,Female,14/11/2022,63
32.748.077,Barnebas,Sloegrave,bsloegravel5@goo.gl,Male,08/11/2022,63
51.562.361,Kelley,Widmoor,kwidmoordf@who.int,Male,16/12/2022,64
60.360.738,Frank,Waddams,fwaddamsej@com.com,Female,13/01/2023,64
40.156.811,Warner,Shellum,wshellumfm@opera.com,Male,12/11/2022,64
93.408.411,Wrennie,Chitson,wchitsonjn@geocities.com,Female,03/09/2022,64
53.032.214,Lyn,Scoular,lscoular2l@wsj.com,Female,12/05/2023,66
86.068.222,April,Hugle,ahugle9o@drupal.org,Female,16/02/2023,66
81.526.692,Burl,Paffot,bpaffotly@fema.gov,Male,09/09/2022,66
29.710.401,Garald,Badsworth,gbadsworth3i@comsenz.com,Male,09/06/2022,67
17.332.823,Cassius,Hankinson,chankinsonef@cnbc.com,Male,05/11/2022,67
89.860.375,Fletcher,Favey,ffavey86@hc360.com,Male,09/12/2022,68
69.665.029,Arnold,Fisbburne,afisbburnej3@alexa.com,Male,29/11/2022,68
56.177.112,Julius,Moulson,jmoulsonrm@biblegateway.com,Male,01/09/2022,68
32.440.685,Dana,Aisman,daisman8m@goo.gl,Male,05/11/2022,69
72.927.990,Latashia,Dabney,ldabneykh@ca.gov,Female,09/08/2022,69
79.562.779,Katey,Gieves,kgievesle@e-recht24.de,Female,15/04/2023,69
97.473.295,Kienan,Ianilli,kianillip2@prlog.org,Male,30/12/2022,69
22.839.371,Yard,Mallya,ymallyaps@clickbank.net,Male,12/08/2022,69
73.470.855,Ranee,Rivalant,rrivalant1j@usatoday.com,Non-binary,03/06/2023,70
39.854.403,Olly,Broomfield,obroomfield4c@aol.com,Female,27/05/2023,70
10.639.664,Ardys,Messier,amessierew@timesonline.co.uk,Female,28/11/2022,70
84.853.580,Sophey,Papps,spappsmb@google.es,Female,05/10/2022,70
20.387.498,Cy,Dahlgren,cdahlgrenbr@list-manage.com,Male,13/01/2023,71
2.446.800,Gasper,Saladine,gsaladinee4@engadget.com,Male,17/05/2023,71
5.898.829,Charmain,Atger,catgeric@soup.io,Female,02/06/2023,71
61.829.094,Cori,O' Finan,cofinanj8@independent.co.uk,Female,10/02/2023,71
96.753.383,Debbie,Godney,dgodney1u@usatoday.com,Female,26/07/2022,72
36.725.858,Karlotta,Beller,kbellergt@fotki.com,Female,28/02/2023,72
76.606.003,Zach,Raiston,zraiston66@is.gd,Male,31/05/2023,73
65.209.857,Julianna,Breheny,jbreheny8l@tumblr.com,Female,30/08/2022,73
19.227.317,Jed,Tomaello,jtomaelloee@gravatar.com,Male,23/11/2022,73
42.859.841,Marven,Greenroyd,mgreenroyd47@google.com,Male,10/12/2022,74
4.745.622,Rachelle,Barhims,rbarhims88@facebook.com,Female,20/02/2023,74
45.332.060,Davin,Atthowe,datthowe9y@omniture.com,Male,25/03/2023,74
3.325.016,Angie,Birnie,abirniedu@opensource.org,Female,23/05/2023,74
71.232.392,Jessie,Marmion,jmarmionir@samsung.com,Female,18/07/2022,74
10.608.777,Loralie,Cubbinelli,lcubbinelli34@indiatimes.com,Female,10/10/2022,75
96.964.186,Candida,Chattey,cchatteyo0@digg.com,Female,03/06/2023,75
39.222.829,Florida,Ribbens,fribbens9t@rediff.com,Female,26/03/2023,76
35.948.122,Harcourt,Cutchie,hcutchiedy@berkeley.edu,Male,18/11/2022,76
50.334.804,Ingelbert,Tenwick,itenwickm1@sitemeter.com,Male,22/10/2022,76
62.232.617,Vere,Martinetto,vmartinettomz@storify.com,Female,21/01/2023,76
3.781.917,Shalna,Burgwyn,sburgwyn6b@constantcontact.com,Female,06/03/2023,77
35.847.123,Rikki,Wallbridge,rwallbridgen3@bing.com,Female,01/03/2023,77
66.724.498,Gunther,Raitt,graittpd@plala.or.jp,Male,03/03/2023,77
2.938.056,Ketti,Sellan,ksellan8b@princeton.edu,Female,24/06/2022,78
90.459.581,Ellary,Fer,efered@joomla.org,Genderfluid,15/12/2022,78
44.244.824,Noam,Flipek,nflipekcr@exblog.jp,Male,28/06/2022,79
72.024.775,Waylan,Bellhanger,wbellhangerd5@cbc.ca,Male,15/04/2023,79
56.399.620,Almire,Higgonet,ahiggonetmk@xinhuanet.com,Female,29/04/2023,79
73.388.246,Sharla,Fisher,sfisherr2@ebay.com,Female,20/06/2022,79
89.759.109,Emmaline,Sharrier,esharrierb1@imdb.com,Female,01/04/2023,80
62.250.137,Rani,Nannini,rnannini3x@indiatimes.com,Female,04/08/2022,81
89.369.945,Patrica,Inseal,pinseal57@livejournal.com,Female,24/11/2022,81
91.464.574,Heywood,Lafayette,hlafayette94@japanpost.jp,Male,14/07/2022,81
23.897.128,Burnaby,Almon,balmoneh@1und1.de,Male,23/01/2023,81
37.257.449,Reinhard,Verdon,rverdongb@stanford.edu,Male,06/01/2023,81
92.493.405,Emery,MacFall,emacfallgj@accuweather.com,Genderqueer,10/06/2022,81
52.585.361,Nollie,Foale,nfoaleos@independent.co.uk,Female,24/01/2023,81
27.525.349,Haze,Gaskin,hgaskin16@gmpg.org,Male,14/07/2022,82
68.047.075,Beau,Davydochkin,bdavydochkinoh@yellowbook.com,Male,05/04/2023,82
80.688.620,Margaretta,Ferrettino,mferrettino1k@zdnet.com,Female,06/07/2022,83
34.912.804,Rosy,Clayborn,rclayborncv@narod.ru,Female,14/01/2023,83
33.807.531,Cathyleen,Beange,cbeangee7@ihg.com,Female,21/04/2023,83
24.506.463,Inga,Coronado,icoronadom7@amazon.co.jp,Female,18/11/2022,83
29.779.771,Nevile,Swaden,nswadend0@simplemachines.org,Male,09/03/2023,84
25.231.917,Skell,Grodden,sgrodden9d@ucsd.edu,Male,14/11/2022,85
77.278.418,Zola,Caig,zcaiga5@ow.ly,Agender,28/09/2022,85
8.399.703,Trudy,Bahls,tbahlsd4@epa.gov,Female,13/10/2022,85
184.505,Edd,Sanpher,esanpherr5@psu.edu,Male,19/01/2023,85
83.494.706,Nappy,Grafham,ngrafham4v@youku.com,Male,20/08/2022,86
80.034.225,Bernadina,Wallwood,bwallwoodc@yandex.ru,Polygender,30/01/2023,87
68.151.972,Sibeal,Dunkinson,sdunkinson6w@goodreads.com,Agender,02/07/2022,87
85.695.085,Odelinda,Damrell,odamrell75@gizmodo.com,Female,14/05/2023,87
74.175.866,Virgie,Rippin,vrippin99@360.cn,Male,14/04/2023,87
63.622.281,Gleda,Canero,gcanero9h@timesonline.co.uk,Female,12/11/2022,87
65.453.077,Addi,McClune,amccluneb7@state.gov,Female,25/02/2023,87
3.755.955,Celestyn,Vearnals,cvearnalsj4@usda.gov,Non-binary,23/06/2022,87
39.736.202,Amalea,Housecraft,ahousecrafto8@ibm.com,Female,22/12/2022,87
50.920.398,Gradey,Guenther,gguenther23@berkeley.edu,Male,14/09/2022,88
13.916.731,Claribel,Kenward,ckenward6p@mtv.com,Female,19/09/2022,88
54.192.956,Ariela,Ygoe,aygoef7@sun.com,Female,19/11/2022,88
66.247.035,Boothe,Wrangle,bwrangle6@t-online.de,Male,25/04/2023,89
98.141.778,Reg,Shotter,rshottery@prlog.org,Male,19/06/2022,89
56.149.708,Rudolph,Barter,rbarter2v@about.me,Male,01/04/2023,89
84.206.133,Ardella,Rosin,arosinjv@hp.com,Female,05/04/2023,89
40.007.367,Hollis,Kellington,hkellingtonrj@hao123.com,Male,23/08/2022,89
90.319.235,Suzanna,Odams,sodams4j@blogtalkradio.com,Female,15/03/2023,90
15.210.038,Ewart,Francino,efrancino5k@mashable.com,Male,26/06/2022,90
99.379.766,Charlton,Danford,cdanfordg1@taobao.com,Male,28/08/2022,90
31.525.310,Dena,Holliar,dholliarhu@hatena.ne.jp,Genderfluid,23/12/2022,90
77.051.987,Sammy,Mackrill,smackrilliw@go.com,Male,05/07/2022,90
75.189.287,Kristy,Camelin,kcamelinlp@unesco.org,Female,23/01/2023,90
9.960.275,Oralia,Filtness,ofiltnessok@marketwatch.com,Female,10/07/2022,90
43.945.904,Siobhan,Creebo,screebo6a@seattletimes.com,Female,15/02/2023,91
59.752.518,Shayne,Bramhall,sbramhallid@techcrunch.com,Female,25/02/2023,91
67.161.309,Skipp,Carus,scarus8o@vkontakte.ru,Male,12/02/2023,93
52.326.289,Niels,Pero,nperobz@parallels.com,Male,10/07/2022,93
86.167.439,Cacilie,Rantoul,crantoulc2@wikipedia.org,Agender,14/04/2023,93
64.053.174,Laurence,Poley,lpoleyob@google.co.jp,Male,18/08/2022,93
36.885.501,Courtnay,Rosendorf,crosendorfao@dedecms.com,Male,28/06/2022,94
10.999.085,Erena,Di Franceshci,edifranceshciop@whitehouse.gov,Female,29/08/2022,94
74.712.799,Emanuel,Braizier,ebraiziero@cbslocal.com,Male,11/07/2022,95
94.705.889,Felecia,Fryd,ffryd2j@icq.com,Genderqueer,25/02/2023,95
88.894.853,Estelle,Hounsome,ehounsome63@ca.gov,Female,11/02/2023,95
31.110.309,Holly,Turneux,hturneuxqk@miitbeian.gov.cn,Male,14/11/2022,95
78.598.661,Carmelle,Lerohan,clerohanra@mashable.com,Female,05/06/2023,95
42.963.118,Stirling,Vashchenko,svashchenkow@wiley.com,Male,09/12/2022,96
27.284.308,Antonietta,Kidgell,akidgellcy@gravatar.com,Female,02/04/2023,96
99.305.517,Becka,MacDougal,bmacdougalkx@theatlantic.com,Female,07/07/2022,96
10.300.330,Costa,Temple,ctemplen0@archive.org,Male,15/12/2022,96
28.334.453,Binnie,Anstiss,banstiss26@reverbnation.com,Female,01/10/2022,97
40.807.747,Killian,Deport,kdeporta7@disqus.com,Non-binary,07/08/2022,97
29.641.569,Alameda,Abramson,aabramson2d@example.com,Female,30/06/2022,98
24.628.174,Meredith,Moggie,mmoggie30@blogspot.com,Female,10/08/2022,98
65.846.242,Cory,Elmes,celmes3r@house.gov,Female,25/08/2022,98
77.911.938,Hillyer,Behagg,hbehagg83@google.com,Male,26/03/2023,98
98.170.316,Leslie,Herreros,lherrerosad@ucla.edu,Female,11/02/2023,98
26.539.351,Ardelis,Thorwarth,athorwarth1x@desdev.cn,Female,05/09/2022,99
11.744.914,Chickie,Cornforth,ccornfortha6@stanford.edu,Male,25/05/2023,99
20.870.557,Tomkin,St. Leger,tstlegerbx@alexa.com,Male,11/10/2022,99
26.037.000,Lindi,Ickovici,lickovicinw@cafepress.com,Female,22/06/2022,99
41.239.440,Tab,Emmot,temmotp@pcworld.com,Male,21/01/2023,100
5.043.254,Moshe,Janecek,mjanecek27@instagram.com,Male,29/01/2023,100
22.297.706,Armando,Acomb,aacomb9e@google.cn,Non-binary,31/05/2023,100
75.648.092,Allyn,Francillo,afrancillohp@walmart.com,Female,07/03/2023,100
15.931.019,Zorine,Sooper,zsooperp5@oracle.com,Female,06/01/2023,100
14.587.154,Beau,Powrie,bpowrie9j@google.it,Male,01/07/2022,101
55.294.219,Eloisa,Gawne,egawnebh@spotify.com,Female,04/06/2023,101
28.079.590,Staffard,Barnsdale,sbarnsdaled6@smh.com.au,Male,26/02/2023,101
60.382.252,Viki,Iscowitz,viscowitzk4@mapquest.com,Female,27/03/2023,101
80.454.336,Enrika,Scanes,escanes4h@surveymonkey.com,Female,11/11/2022,102
29.662.394,Margy,Bachman,mbachmanev@house.gov,Female,09/07/2022,102
83.901.420,Dominic,Rudall,drudallhn@nytimes.com,Male,17/04/2023,102
29.550.399,Arnuad,Rustan,arustani7@timesonline.co.uk,Genderfluid,19/01/2023,102
4.999.644,Carlynne,Rizzini,crizzinin9@wsj.com,Female,01/03/2023,102
12.983.954,Goldie,Faye,gfayeff@devhub.com,Genderfluid,15/09/2022,103
38.252.418,Ferdinanda,Von Der Empten,fvonderemptenpy@ca.gov,Female,19/11/2022,103
32.787.583,Lea,Aldrin,laldrin2u@tinyurl.com,Female,03/08/2022,104
43.139.391,Shellysheldon,Smeuin,ssmeuinex@booking.com,Male,17/11/2022,104
64.852.508,Sully,Bescoby,sbescobyn4@latimes.com,Male,13/07/2022,104
82.998.923,Bastien,Mees,bmees22@unc.edu,Male,03/11/2022,105
5.540.197,Estell,Haquin,ehaquin5l@umich.edu,Female,10/08/2022,105
4.445.532,Elwood,Morcombe,emorcombehr@tamu.edu,Male,30/07/2022,105
65.136.244,Prentice,Dellow,pdellowl0@netscape.com,Male,22/10/2022,105
80.500.738,Amanda,Davydochkin,adavydochkinez@unblog.fr,Female,24/11/2022,106
3.426.066,Josias,Scamaden,jscamadenjw@phpbb.com,Non-binary,10/08/2022,106
96.416.373,Wenonah,Gasquoine,wgasquoineks@foxnews.com,Female,11/08/2022,106
36.616.735,Wallache,Jentzsch,wjentzschoy@bing.com,Male,21/08/2022,106
88.602.651,Taylor,MacGillacolm,tmacgillacolmbw@topsy.com,Male,23/09/2022,107
65.947.064,Kaiser,Bardnam,kbardnamo1@unblog.fr,Male,14/05/2023,107
63.997.554,Giulio,Garrals,ggarrals1c@yellowbook.com,Male,08/05/2023,108
50.313.135,Violette,McCrachen,vmccrachen5h@webnode.com,Female,04/09/2022,108
86.576.039,Ibbie,Pallas,ipallasd9@mapquest.com,Female,23/10/2022,108
68.953.388,Reine,Brownlee,rbrownleeg9@twitter.com,Female,21/09/2022,108
99.318.662,Tracee,Heck,theckji@ucoz.ru,Female,10/05/2023,108
55.641.312,Lian,Mathieson,lmathieson2s@auda.org.au,Female,20/06/2022,109
999.069,Zarah,Battelle,zbattellecf@narod.ru,Female,29/01/2023,109
8.620.961,Cly,Chasson,cchassonqm@i2i.jp,Male,06/09/2022,109
93.575.246,Kipper,Mico,kmicor1@chicagotribune.com,Male,06/12/2022,109
23.265.184,Hannah,Colclough,hcolclough67@auda.org.au,Polygender,26/07/2022,110
64.508.246,Nobie,Trayton,ntraytoney@webs.com,Male,31/10/2022,110
91.137.638,Hestia,Yegorkov,hyegorkovfu@youtu.be,Female,25/01/2023,110
5.656.012,Shaw,Gerty,sgertyqq@utexas.edu,Male,07/02/2023,110
96.557.625,Meta,Boyen,mboyenr0@fotki.com,Female,19/08/2022,110
36.090.327,Trula,Lindsey,tlindseyb@businesswire.com,Female,02/02/2023,111
61.932.592,Lombard,Pulhoster,lpulhoster6f@yelp.com,Male,19/01/2023,111
59.847.138,Mal,Helliker,mhelliker8j@oakley.com,Male,18/04/2023,111
83.463.176,Bastien,Banbrick,bbanbrick9i@blogtalkradio.com,Male,11/10/2022,111
15.740.962,Walker,Ranyard,wranyard9v@intel.com,Male,28/08/2022,111
17.844.405,Holly-anne,Hutable,hhutableai@zimbio.com,Female,17/12/2022,111
12.874.083,Carlin,Childs,cchildsgu@vistaprint.com,Male,01/06/2023,112
61.882.745,Kerry,Costall,kcostalljt@techcrunch.com,Female,15/06/2022,112
90.097.193,Rebbecca,Lingard,rlingardn8@chronoengine.com,Female,20/07/2022,112
37.643.673,Regen,Plowman,rplowmanow@huffingtonpost.com,Male,08/05/2023,112
2.342.322,Ogdon,Pulteneye,opulteneye8a@alexa.com,Male,01/09/2022,113
59.118.959,Chanda,Norquay,cnorquaygl@over-blog.com,Female,21/04/2023,113
88.392.035,Pascale,Brunesco,pbrunescogq@homestead.com,Male,15/06/2022,113
33.663.242,Melony,Dollard,mdollardkb@miibeian.gov.cn,Female,03/03/2023,113
53.698.813,Aurelie,Sexti,asextimj@paginegialle.it,Female,28/09/2022,113
38.942.509,Barnett,Roath,broathpv@howstuffworks.com,Male,08/10/2022,113
98.061.478,Robena,Haffner,rhaffner8k@paypal.com,Female,04/06/2023,114
89.939.734,Mattias,Thying,mthyingfj@ucla.edu,Male,13/01/2023,114
83.432.932,Emlen,Joy,ejoyl8@tmall.com,Male,25/03/2023,114
65.433.254,Brina,Bondley,bbondleylk@soup.io,Female,09/12/2022,114
97.989.571,Augustin,Carson,acarsonm8@ted.com,Male,04/07/2022,114
27.526.355,Nola,Brugsma,nbrugsma4k@vk.com,Female,14/10/2022,115
50.543.666,Dolorita,Dunan,ddunanbp@seesaa.net,Female,10/09/2022,115
36.920.255,Tam,MacMearty,tmacmeartyls@netscape.com,Male,21/07/2022,115
87.685.813,Skelly,Kearford,skearford8w@vk.com,Male,20/02/2023,116
87.519.943,Christie,Rapkins,crapkinsca@umn.edu,Male,21/12/2022,116
69.684.576,Reinwald,Gourley,rgourley7u@imdb.com,Male,06/09/2022,117
38.467.491,Bartholomeus,Reisenstein,breisensteinb2@imageshack.us,Male,05/10/2022,117
73.816.794,Michele,Gostage,mgostagedg@archive.org,Male,02/04/2023,117
50.088.810,Dory,Slipper,dslipperjd@elegantthemes.com,Female,28/12/2022,117
91.557.294,Tawnya,Flement,tflementpb@cnet.com,Female,19/07/2022,117
39.044.026,Sorcha,MacAlpyne,smacalpyneqt@com.com,Female,18/05/2023,117
73.385.503,Pepi,Order,porder36@cyberchimps.com,Female,16/02/2023,118
22.765.629,Ricki,Gladdin,rgladdin43@intel.com,Genderfluid,13/06/2022,118
1.622.429,Mellisent,Colborn,mcolbornbg@webnode.com,Female,19/11/2022,118
49.287.519,Mariel,Heeron,mheeronu@1688.com,Female,01/02/2023,119
51.444.462,Deana,Cuchey,dcuchey3m@spotify.com,Female,11/07/2022,119
39.140.255,Abie,Predohl,apredohlc7@thetimes.co.uk,Male,29/11/2022,119
69.299.319,Robbert,Rhyme,rrhymeju@reddit.com,Male,12/09/2022,119
51.675.765,Sunny,Grossman,sgrossmanbe@furl.net,Female,16/06/2022,120
35.833.512,Brigit,Cloake,bcloakemp@themeforest.net,Female,26/06/2022,120
59.013.730,Lucho,Klimowski,lklimowskijo@slate.com,Male,07/06/2023,121
72.478.359,Joan,Forsdike,jforsdike5c@edublogs.org,Female,15/10/2022,122
50.466.065,Ricard,Nicholes,rnicholes7j@mayoclinic.com,Male,02/08/2022,122
66.710.565,Helsa,McGillacoell,hmcgillacoellgn@yale.edu,Female,02/05/2023,123
38.694.146,Theo,Altham,taltham5u@rambler.ru,Polygender,09/09/2022,124
80.453.340,Diann,Aspital,daspital7t@dailymail.co.uk,Polygender,01/05/2023,124
74.576.463,Kareem,Beetham,kbeethamc5@flickr.com,Male,16/03/2023,124
79.257.871,Trixy,McGavin,tmcgavin24@harvard.edu,Genderfluid,11/02/2023,125
37.313.384,Thain,Dalley,tdalley84@photobucket.com,Polygender,29/04/2023,125
9.263.952,Dulcine,Camelli,dcamellig5@dell.com,Female,15/12/2022,125
34.764.842,Margret,Brameld,mbrameldh2@drupal.org,Female,25/06/2022,125
31.316.711,Krisha,Sisey,ksiseyhw@woothemes.com,Agender,31/01/2023,125
19.107.417,Branden,MacCague,bmaccague4x@salon.com,Male,23/02/2023,126
95.010.042,Edyth,Gumery,egumery9g@freewebs.com,Female,03/03/2023,126
59.622.512,Alecia,Keunemann,akeunemannk7@accuweather.com,Female,30/08/2022,126
42.102.704,Jasper,Snap,jsnapl4@livejournal.com,Male,01/07/2022,126
31.104.641,Rudolf,Edmundson,redmundsonq9@usda.gov,Male,15/07/2022,126
17.689.969,Birch,Freire,bfreireei@utexas.edu,Male,03/02/2023,127
40.728.052,Harley,Brunesco,hbrunescogi@engadget.com,Male,23/02/2023,127
25.691.935,Chad,Kernes,ckernes77@macromedia.com,Male,18/07/2022,128
82.655.796,Orin,Etheredge,oetheredgen1@npr.org,Male,25/09/2022,128
70.991.857,Gabbey,Grigaut,ggrigauti@163.com,Female,05/05/2023,129
41.779.036,Terrell,Burges,tburges32@zdnet.com,Male,29/01/2023,129
14.987.033,Eirena,Hryskiewicz,ehryskiewicz49@wufoo.com,Female,01/07/2022,129
82.070.797,Hyman,Burdus,hburdusaa@answers.com,Male,07/08/2022,129
93.774.610,Rosabelle,Kellitt,rkellittlc@google.co.uk,Female,19/08/2022,129
22.258.617,Coralyn,Bargh,cbargh1y@furl.net,Female,06/05/2023,130
75.721.532,Kean,London,klondon2f@globo.com,Male,31/07/2022,130
70.560.079,Salomon,Grieveson,sgrieveson9s@cdc.gov,Male,25/11/2022,130
81.934.607,Donnie,MacDowal,dmacdowalqb@tamu.edu,Male,01/06/2023,130
7.245.992,Dorry,Lakenton,dlakentonim@mozilla.com,Female,20/05/2023,131
17.031.671,Irwin,Jopling,ijoplingd2@gravatar.com,Male,07/09/2022,132
4.984.358,Zoe,Selwyne,zselwynep3@seesaa.net,Female,14/06/2022,132
19.171.508,Ashlan,Dunkinson,adunkinsonpt@mit.edu,Female,14/08/2022,132
21.035.131,Talbot,Roofe,troofe9x@cornell.edu,Male,21/07/2022,133
11.587.741,Reg,Bankes,rbankeshx@time.com,Male,30/12/2022,133
30.691.436,Eduino,Smither,esmitherjj@sfgate.com,Male,01/03/2023,133
52.788.142,Tedi,Pantecost,tpantecosto4@chron.com,Female,30/01/2023,133
51.302.459,Edwin,Hurlin,ehurlin3k@army.mil,Male,06/11/2022,134
68.716.130,Burgess,Lowthian,blowthianci@alibaba.com,Male,17/02/2023,134
52.797.707,Daisey,Netting,dnettingel@mozilla.com,Female,24/04/2023,134
87.847.053,Jackquelin,Kinnie,jkinnieaw@dyndns.org,Genderfluid,02/02/2023,135
69.943.082,Shea,Fairfoot,sfairfootdi@unblog.fr,Male,22/05/2023,135
61.300.903,Alick,McNeice,amcneicelh@plala.or.jp,Male,15/02/2023,135
26.808.602,Jacinda,McEwen,jmcewen9k@gnu.org,Female,11/11/2022,136
47.155.908,Cathryn,Bennedsen,cbennedsenb0@uol.com.br,Female,04/09/2022,136
19.668.097,Ely,Hulburt,ehulburtl1@amazonaws.com,Male,29/01/2023,136
89.621.113,Mike,Glasspoole,mglasspoole8h@arizona.edu,Male,02/01/2023,137
78.596.712,Rowland,Loach,rloachnx@jalbum.net,Male,22/01/2023,137
85.832.621,Charley,Lark,clark3y@ca.gov,Male,03/02/2023,138
68.552.799,Carmel,Slane,cslane40@wordpress.org,Female,16/12/2022,138
2.705.880,Syd,Vedntyev,svedntyevdm@lycos.com,Male,27/11/2022,138
8.894.711,Bonita,Condell,bcondellfc@dion.ne.jp,Female,26/12/2022,138
30.264.211,Alejandro,Whittingham,awhittingham1v@shutterfly.com,Male,12/04/2023,139
93.489.784,Lenee,Bloan,lbloan2n@woothemes.com,Female,08/07/2022,139
57.070.551,Mario,Demageard,mdemageard76@cdbaby.com,Male,09/08/2022,139
81.972.372,Jaine,Juara,jjuaraaz@mayoclinic.com,Female,24/08/2022,139
94.017.456,Vicky,Paxforde,vpaxfordedd@hatena.ne.jp,Female,16/03/2023,139
45.917.473,Pebrook,MacElroy,pmacelroyif@cnet.com,Male,24/03/2023,139
22.952.505,Cherlyn,Gawkes,cgawkes6h@list-manage.com,Female,30/06/2022,141
13.852.499,Janaye,Nickolls,jnickollsa1@blogger.com,Female,13/07/2022,141
28.237.806,Kaleena,Blinerman,kblinerman4o@hibu.com,Female,23/03/2023,142
27.721.490,Cary,Dog,cdogcs@xrea.com,Female,19/01/2023,142
23.029.107,Ellswerth,Berthel,eberthelkq@hao123.com,Male,22/08/2022,142
89.759.442,Shana,Pitfield,spitfield3e@bbb.org,Female,17/08/2022,143
96.832.392,Steffi,Symcoxe,ssymcoxebt@un.org,Female,25/08/2022,143
6.885.377,Salomo,Powton,spowtonrq@chicagotribune.com,Male,24/10/2022,143
33.380.075,Stace,Grevile,sgrevile8z@hubpages.com,Female,24/05/2023,144
74.783.743,Griffy,Sutter,gsutteran@answers.com,Male,25/04/2023,144
77.628.870,Dannie,Pichan,dpichanpa@delicious.com,Female,05/10/2022,144
21.097.129,Phyllys,Harry,pharry2z@com.com,Female,09/05/2023,145
62.985.682,Silvain,MacDunleavy,smacdunleavy6x@xrea.com,Male,22/11/2022,145
50.293.121,Cly,Caurah,ccaurah92@jigsy.com,Male,16/06/2022,145
95.894.265,Gerard,Coplestone,gcoplestonedh@liveinternet.ru,Male,19/01/2023,145
58.105.442,Weston,Piniur,wpiniurig@mediafire.com,Male,21/10/2022,145
35.009.588,Bernardina,Bagnal,bbagnalj0@sciencedirect.com,Female,25/12/2022,145
5.913.323,Helaine,Brehat,hbrehatj@phoca.cz,Female,12/11/2022,146
74.971.175,Anatole,Deason,adeason2k@weebly.com,Male,28/01/2023,146
61.834.998,Crissie,Dollman,cdollmanrr@squarespace.com,Female,27/03/2023,146
23.433.981,Gilberta,Husk,ghusk1g@nps.gov,Female,24/07/2022,147
244.124,Clint,Broddle,cbroddle2x@amazon.de,Male,19/05/2023,147
20.188.440,Niel,Pucker,npucker3c@shutterfly.com,Male,30/06/2022,147
91.252.154,Odell,Kilgour,okilgourch@uiuc.edu,Male,07/01/2023,147
79.719.916,Adolph,Lytle,alytleix@stumbleupon.com,Male,11/09/2022,147
75.824.643,Aindrea,Valens-Smith,avalenssmithkl@bloglines.com,Female,21/01/2023,147
32.064.892,Celinda,Harp,charp9z@marketwatch.com,Female,28/05/2023,148
68.821.704,Laurene,Terren,lterrenpp@hp.com,Female,31/07/2022,148
33.274.798,Bank,Handrock,bhandrock2t@a8.net,Male,17/03/2023,149
41.134.362,Sandie,Vidineev,svidineeve5@a8.net,Female,06/09/2022,149
95.194.822,Tod,Escala,tescalaqu@addtoany.com,Male,28/12/2022,149
876.866,Cindee,Mycock,cmycockq@jalbum.net,Female,29/10/2022,150
79.965.309,Ty,Llywarch,tllywarchat@shareasale.com,Male,16/01/2023,150
15.118.031,Caddric,Hurdedge,churdedgehl@trellian.com,Male,15/05/2023,150
96.417.274,Colet,Smoth,csmothho@gnu.org,Male,31/01/2023,151
73.604.854,Shaylynn,Blincowe,sblincoweh@berkeley.edu,Female,21/07/2022,152
27.021.697,Gunar,Hannond,ghannond4q@de.vu,Male,26/11/2022,152
62.962.486,Franciskus,Moorfield,fmoorfield5d@ehow.com,Male,18/08/2022,152
74.446.328,Jean,Steabler,jsteablerhy@bluehost.com,Bigender,25/05/2023,153
23.408.325,Merna,Smillie,msmilliejf@yolasite.com,Female,09/09/2022,153
52.489.732,Malinde,Cossam,mcossamqe@eepurl.com,Female,04/11/2022,153
24.093.902,Morris,Beament,mbeamentd@topsy.com,Male,02/02/2023,154
12.545.010,Mill,McElrea,mmcelrea14@spotify.com,Male,10/12/2022,154
20.791.628,Tucker,Cannings,tcanningsbv@gnu.org,Male,21/06/2022,155
85.204.492,Casey,Fromont,cfromontda@fastcompany.com,Female,16/12/2022,155
11.952.119,Opal,Zmitrichenko,ozmitrichenkodn@rakuten.co.jp,Female,13/04/2023,155
9.322.760,Freedman,Lowrance,flowrancefh@springer.com,Male,29/09/2022,155
42.057.848,Harbert,O'Nowlan,honowlanga@printfriendly.com,Male,08/04/2023,155
83.659.346,Bevon,Henningham,bhenninghamn6@biblegateway.com,Male,24/09/2022,155
498.299,Millisent,Tupper,mtupperg7@oaic.gov.au,Female,15/09/2022,156
1.373.150,Myranda,Madders,mmaddersjc@ox.ac.uk,Genderqueer,24/05/2023,157
95.973.222,Ethelbert,Beausang,ebeausangpn@comsenz.com,Non-binary,05/12/2022,157
24.918.498,Jude,Cadwallader,jcadwallader5e@networkadvertising.org,Male,14/12/2022,158
42.268.481,Gracia,Truter,gtruter7q@chicagotribune.com,Female,14/09/2022,158
61.140.220,Elsie,Farlow,efarlowcl@earthlink.net,Female,04/08/2022,158
85.766.533,Jamill,Rustedge,jrustedgecn@goo.gl,Male,08/05/2023,158
24.450.685,Marabel,Cottle,mcottlede@illinois.edu,Female,20/05/2023,158
16.036.362,Jandy,Ranklin,jranklinax@dot.gov,Female,04/08/2022,159
74.587.767,Milka,Fidelli,mfidellic6@technorati.com,Female,16/09/2022,159
62.336.721,Merola,Quirk,mquirkdw@spiegel.de,Female,05/03/2023,159
11.706.881,Ax,Hugland,ahugland1p@cpanel.net,Male,08/06/2022,160
12.354.626,Merola,Mathieu,mmathieu4w@mozilla.com,Female,18/07/2022,160
76.841.381,Kermie,Tamburi,ktamburi8x@dion.ne.jp,Male,23/09/2022,160
68.953.396,Barton,Baillie,bbaillief5@tuttocitta.it,Male,28/01/2023,160
2.089.287,Bethany,Skryne,bskryneft@aol.com,Female,23/11/2022,160
64.756.155,Kinna,Durie,kdurie1s@ed.gov,Female,13/06/2022,161
99.489.519,Inez,Gritsaev,igritsaevav@time.com,Female,04/01/2023,161
83.705.566,Salvidor,Kinkead,skinkeadbf@privacy.gov.au,Male,12/04/2023,161
23.746.016,Salvador,Hollier,shollierf6@mashable.com,Male,11/11/2022,161
14.139.765,Christine,Winspar,cwinsparl7@ehow.com,Female,05/04/2023,161
36.625.790,Georgeta,Kennewell,gkennewellmv@ebay.com,Female,26/12/2022,162
79.296.367,Mora,Lorentz,mlorentznq@virginia.edu,Female,07/05/2023,162
89.712.026,Babb,de Merida,bdemeridafy@domainmarket.com,Female,14/03/2023,163
10.492.179,Giorgi,Whitby,gwhitby3o@taobao.com,Male,24/08/2022,164
54.717.429,Hermann,Gregori,hgregorigs@japanpost.jp,Male,03/06/2023,164
55.184.394,Leeanne,Gullick,lgullicklj@booking.com,Female,13/02/2023,164
11.198.108,Hube,Como,hcomomn@opensource.org,Male,25/09/2022,164
47.117.021,Roanna,Suddell,rsuddell4u@examiner.com,Female,18/07/2022,165
59.998.717,Earl,McCorkell,emccorkellp6@rediff.com,Male,29/05/2023,165
92.308.305,Tailor,Capponer,tcapponerrf@baidu.com,Male,11/04/2023,165
5.891.424,Elianore,Gorst,egorst3g@vinaora.com,Female,10/01/2023,166
44.215.169,Scotti,Whitesel,swhitesel6m@a8.net,Male,13/05/2023,166
74.568.907,Dorian,Alfonsetto,dalfonsetto7l@elegantthemes.com,Female,23/06/2022,166
78.496.187,Dene,Mickleburgh,dmickleburgh5s@youku.com,Male,11/04/2023,168
54.076.190,Craggy,Bennellick,cbennellicket@ted.com,Male,08/09/2022,168
56.033.948,Meta,Slobom,mslobomqc@t.co,Female,27/05/2023,168
87.519.960,Dosi,Perkins,dperkinsx@google.ca,Female,20/08/2022,169
37.255.037,Welsh,Veart,wveart10@live.com,Male,06/09/2022,169
79.339.752,Constantin,Grassett,cgrassett2w@acquirethisname.com,Male,19/06/2022,169
24.407.166,Ricky,Kingdom,rkingdombs@studiopress.com,Female,17/12/2022,169
56.880.986,Ulises,Kamienski,ukamienskijy@hc360.com,Male,04/11/2022,169
64.267.034,Marian,Pascho,mpaschoq8@epa.gov,Female,21/02/2023,169
56.394.965,Marwin,Zorro,mzorro74@wired.com,Male,12/02/2023,170
42.600.574,Vito,Ondra,vondral@patch.com,Agender,18/11/2022,171
96.011.988,Sidnee,Richie,srichie3u@usnews.com,Male,07/04/2023,171
5.050.766,Benedicta,Vasyutochkin,bvasyutochkingk@umich.edu,Female,23/07/2022,171
78.030.898,Merrile,Blaxlande,mblaxlandehm@theglobeandmail.com,Female,29/12/2022,171
92.880.831,Blithe,Mapledoram,bmapledoramno@scientificamerican.com,Polygender,07/02/2023,171
40.598.344,Nanete,Tineman,ntinemand3@123-reg.co.uk,Genderqueer,21/06/2022,172
75.373.978,Annemarie,Challenor,achallenorck@xinhuanet.com,Female,22/08/2022,173
33.837.084,Tawnya,Colloff,tcolloffgx@sina.com.cn,Female,05/05/2023,173
59.086.154,Raddie,Doddridge,rdoddridgeka@nba.com,Male,29/06/2022,173
7.504.221,Guss,Inworth,ginworth3w@hostgator.com,Male,10/11/2022,174
84.686.737,Dixie,Engelbrecht,dengelbrecht85@hhs.gov,Female,30/12/2022,174
55.278.612,Robbert,Trebble,rtrebbleaq@barnesandnoble.com,Male,16/11/2022,174
78.241.286,Finlay,Hair,fhairfw@mtv.com,Male,04/05/2023,174
74.768.047,Ernie,Firle,efirlejm@elegantthemes.com,Male,12/08/2022,174
58.010.495,Benedicta,Ireland,birelandk3@reuters.com,Female,05/04/2023,174
70.030.320,Davina,Fetterplace,dfetterplace89@latimes.com,Female,25/06/2022,175
30.315.140,Evangelia,Maryska,emaryskafb@moonfruit.com,Female,27/06/2022,175
71.471.756,Noland,Radmore,nradmorepq@goo.ne.jp,Male,29/08/2022,175
93.440.452,Brandy,Elcocks,belcocksgc@house.gov,Male,28/04/2023,177
10.006.278,Lesli,Rubberts,lrubbertsnl@dailymotion.com,Female,17/07/2022,177
45.902.088,Broddy,Parkman,bparkmano7@umn.edu,Polygender,13/08/2022,177
72.636.958,Karlan,Pillman,kpillman37@typepad.com,Male,26/05/2023,178
17.423.307,Onida,Corneil,ocorneil4b@behance.net,Female,07/07/2022,178
62.584.457,Reese,Castelletti,rcastelletti4d@hibu.com,Male,04/03/2023,178
14.102.175,Melissa,McAlees,mmcaleesa0@cnn.com,Female,07/04/2023,178
1.766.070,Araldo,Jonke,ajonkeal@digg.com,Male,29/11/2022,179
8.541.702,Aleta,Kynsey,akynseyou@thetimes.co.uk,Female,25/07/2022,179
19.850.651,Barton,Nerval,bnerval2a@phoca.cz,Male,11/09/2022,180
84.167.294,Charmine,Stidston,cstidston8r@xing.com,Female,18/05/2023,180
49.135.763,Robina,Gander,rgandere0@geocities.jp,Female,02/04/2023,180
3.350.348,Charlotta,Teulier,cteulierem@salon.com,Female,13/03/2023,180
46.203.183,Misha,Highway,mhighwayfl@friendfeed.com,Female,09/11/2022,180
27.253.166,Peter,Dumbelton,pdumbeltongv@sciencedaily.com,Male,16/11/2022,180
98.306.792,Falito,Olyfat,folyfat98@cnet.com,Male,18/12/2022,181
43.183.605,Consolata,Bowfin,cbowfinku@soup.io,Female,19/02/2023,181
97.978.486,Antonius,Braunle,abraunlero@nationalgeographic.com,Male,21/08/2022,181
3.687.484,Adriana,Eagleston,aeagleston5m@csmonitor.com,Female,31/08/2022,182
19.123.162,Gabriele,Nesbeth,gnesbeth6s@skype.com,Non-binary,28/09/2022,182
75.589.706,Nikos,Whittick,nwhittickfr@slideshare.net,Male,09/05/2023,182
98.128.187,Forest,Goodley,fgoodley28@webs.com,Male,23/06/2022,183
52.290.429,Jaquenetta,Camellini,jcamellini8y@hexun.com,Female,29/01/2023,183
11.512.658,Paco,Ubsdell,pubsdellr9@economist.com,Male,06/08/2022,183
1.073.081,Robers,Lorait,rlorait42@cpanel.net,Male,14/05/2023,184
28.891.253,Gus,Mariel,gmariel7y@rambler.ru,Male,14/01/2023,184
27.253.485,Aryn,Chittleburgh,achittleburghm3@g.co,Female,06/06/2023,184
24.132.580,Renate,Ostrich,rostrichp7@blogger.com,Female,12/06/2022,184
24.893.814,Julissa,Creddon,jcreddon95@state.gov,Female,21/08/2022,185
41.538.223,Audrey,Achromov,aachromov1r@networksolutions.com,Female,26/08/2022,186
42.917.582,Raddy,Polendine,rpolendine6c@ca.gov,Male,08/11/2022,186
52.296.011,Waiter,Layhe,wlayhe9p@dedecms.com,Male,22/04/2023,186
91.754.949,Latia,Paddison,lpaddisone8@plala.or.jp,Female,01/02/2023,186
17.656.573,Robin,Kertess,rkertesseq@nih.gov,Male,01/05/2023,187
78.702.559,Fair,Dmitrichenko,fdmitrichenkok5@edublogs.org,Male,29/12/2022,187
55.899.583,Rikki,Pudsey,rpudseynm@imgur.com,Female,08/05/2023,187
92.367.402,Vevay,Samper,vsamperrb@livejournal.com,Female,23/06/2022,187
9.414.945,Lucas,Kattenhorn,lkattenhornk@dagondesign.com,Male,31/05/2023,188
62.065.899,Carolan,Worthing,cworthing2h@cargocollective.com,Female,18/08/2022,188
31.443.104,Richmound,Kenrick,rkenrick6v@qq.com,Male,05/04/2023,188
60.164.312,Rodi,Pawlowicz,rpawlowicz7h@yellowpages.com,Female,26/04/2023,188
51.055.427,Skipper,Wedmore,swedmore9f@mail.ru,Male,23/01/2023,188
67.254.402,Alida,MacFarlan,amacfarlan9m@multiply.com,Female,11/01/2023,188
63.752.252,Cleve,Lockery,clockerydq@paypal.com,Male,21/09/2022,188
7.450.513,Antonella,Scogings,ascogingsoi@macromedia.com,Non-binary,10/07/2022,188
23.946.124,Marlyn,Sultana,msultana1h@nyu.edu,Female,10/07/2022,189
91.838.138,Dorene,Banister,dbanisterg8@1688.com,Female,10/06/2022,189
13.971.544,Grata,MacSporran,gmacsporranea@comsenz.com,Female,05/06/2023,190
56.520.854,Kiley,Harry,kharrylg@godaddy.com,Female,03/10/2022,190
41.540.154,Ferdinande,Abels,fabelsnn@shinystat.com,Female,29/12/2022,190
16.519.297,Christoph,Lehmann,clehmannpr@symantec.com,Male,24/10/2022,190
58.394.968,Masha,Washbrook,mwashbrook31@eventbrite.com,Female,10/06/2022,191
47.537.155,Eleen,Bendel,ebendel71@slashdot.org,Female,22/12/2022,191
15.968.107,Lexine,Giacobillo,lgiacobillo9c@lulu.com,Polygender,06/12/2022,191
75.678.896,Dorey,Iddison,diddison1w@bbb.org,Female,15/05/2023,192
95.334.125,Marcille,Steers,msteerseb@wsj.com,Female,01/02/2023,192
8.685.660,Augusta,Walworche,awalworcher3@narod.ru,Female,14/09/2022,192
70.231.308,Willetta,Lackie,wlackie41@miibeian.gov.cn,Female,01/07/2022,193
49.176.797,Esdras,Swalwel,eswalwel55@ifeng.com,Male,08/08/2022,193
70.788.356,Trixi,Gallie,tgallie56@icio.us,Female,17/04/2023,193
11.852.812,Salli,Binner,sbinnerrg@naver.com,Female,30/03/2023,193
14.307.057,Odelia,Gerholz,ogerholz19@seesaa.net,Female,12/01/2023,194
93.752.541,Kimberlyn,Spender,kspenderb9@europa.eu,Female,19/10/2022,194
93.912.616,Tamma,Leece,tleeceia@topsy.com,Female,05/12/2022,194
34.720.533,Egor,Holton,eholtonke@theatlantic.com,Male,10/11/2022,195
85.989.970,Sonya,Grealy,sgrealyna@reference.com,Female,23/08/2022,195
62.291.833,Shannen,Saywood,ssaywoodkc@blogtalkradio.com,Female,19/09/2022,196
34.255.769,Shepperd,Marney,smarneyoa@fotki.com,Male,20/04/2023,196
19.648.794,Yankee,Sherrell,ysherrell1f@goodreads.com,Male,03/10/2022,197
5.428.577,Corney,Sigg,csigg68@creativecommons.org,Male,05/06/2023,197
7.003.621,Cristiano,Wallbrook,cwallbrook6z@e-recht24.de,Male,16/05/2023,197
65.970.092,Orsa,Croson,ocrosoni2@i2i.jp,Polygender,31/08/2022,197
98.846.482,Kelcie,Edney,kedney6r@amazon.de,Female,16/12/2022,198
89.797.667,Amalee,Frostdick,afrostdick4n@alexa.com,Female,11/06/2022,199
88.685.247,Darleen,Dawney,ddawney58@huffingtonpost.com,Polygender,16/06/2022,199
82.105.707,Nollie,Gery,ngeryek@ustream.tv,Male,15/01/2023,199
99.899.345,Ivy,Clitherow,iclitherowpj@liveinternet.ru,Female,20/05/2023,199
5.978.149,Caitlin,Horlock,chorlock3q@forbes.com,Female,08/12/2022,200
59.416.960,Robina,Vonasek,rvonasek62@loc.gov,Female,27/03/2023,200
45.779.530,Reinaldo,Marc,rmarcbj@creativecommons.org,Male,28/10/2022,200
80.459.898,Ryun,Costellow,rcostellowj2@hp.com,Non-binary,11/01/2023,200
84.959.353,Alfons,Bambrugh,abambrughl2@51.la,Male,19/11/2022,200
46.815.229,Leese,Bilfoot,lbilfootnu@cdbaby.com,Genderfluid,21/07/2022,200
35.578.384,Son,Scoterbosh,sscoterboshod@mac.com,Male,13/04/2023,200
51.035.993,Jeannie,Attwoul,jattwoul4f@upenn.edu,Genderfluid,20/11/2022,201
55.631.401,Lanna,Godfrey,lgodfrey60@cdc.gov,Female,30/03/2023,201
62.233.068,Riordan,Folder,rfoldermc@gizmodo.com,Male,12/07/2022,201
95.628.536,Beth,Woodyear,bwoodyear5@noaa.gov,Female,20/05/2023,203
90.761.232,Luelle,Flukes,lflukes1m@github.io,Female,11/12/2022,203
82.891.218,Kial,Cristou,kcristou21@clickbank.net,Female,11/07/2022,203
10.909.619,Wendell,Ferie,wferiepx@drupal.org,Male,24/02/2023,203
34.765.368,Katharina,Franz-Schoninger,kfranzschoningerba@canalblog.com,Female,05/09/2022,204
76.058.428,Morten,Pitrollo,mpitrollodt@craigslist.org,Male,17/02/2023,204
4.361.157,Esra,Gascoyen,egascoyenqy@upenn.edu,Male,20/05/2023,204
46.502.852,Aymer,Pullinger,apullingerr6@vimeo.com,Male,16/08/2022,204
49.481.632,Ephrayim,Bithany,ebithanym2@msu.edu,Male,03/11/2022,205
6.172.790,Timmy,Walkinshaw,twalkinshaw8q@cbc.ca,Male,04/11/2022,206
12.365.756,Pamelina,Gregon,pgregon8t@nyu.edu,Female,23/11/2022,206
58.203.200,Herc,Dryden,hdrydengo@wordpress.org,Male,02/04/2023,206
92.231.226,Kelly,Arne,karnen5@bbc.co.uk,Female,13/11/2022,206
81.331.450,Elijah,Doram,edoramo6@oracle.com,Male,19/10/2022,206
70.611.948,Rod,Pashler,rpashlerom@nasa.gov,Male,30/09/2022,206
45.402.988,Fania,Rountree,frountree4p@bloglines.com,Female,22/11/2022,207
84.240.771,Sky,Skeat,sskeatac@berkeley.edu,Male,25/01/2023,207
72.433.243,Brenn,Trematick,btrematickib@cam.ac.uk,Female,07/04/2023,207
61.516.810,Wanda,Panyer,wpanyerqp@hugedomains.com,Female,27/04/2023,207
31.930.212,Raina,Pendlebery,rpendlebery5r@vkontakte.ru,Female,06/09/2022,208
13.133.549,Irvin,Matthias,imatthiasmd@latimes.com,Agender,19/07/2022,208
51.853.143,Faydra,Goligher,fgoligherh4@utexas.edu,Bigender,22/05/2023,209
40.461.680,Huntlee,Kitt,hkitthv@csmonitor.com,Polygender,08/03/2023,209
983.741,Tiphany,Maron,tmaronqg@goodreads.com,Female,04/12/2022,209
37.217.929,Benn,Norvel,bnorvelbq@homestead.com,Male,19/08/2022,210
3.028.193,Zachery,Joysey,zjoyseyor@fastcompany.com,Male,02/06/2023,210
99.040.812,De,Egarr,degarrt@dedecms.com,Female,18/06/2022,211
38.755.558,Raynard,Capell,rcapell7r@odnoklassniki.ru,Male,29/12/2022,211
16.718.370,Robbie,Ballsdon,rballsdoncq@bing.com,Female,14/10/2022,211
5.500.527,Darrel,Dillicate,ddillicatein@businesswire.com,Genderqueer,18/02/2023,212
70.259.069,Mendy,Jozwik,mjozwik2@redcross.org,Male,19/03/2023,213
15.477.057,Di,Glasebrook,dglasebrookkm@myspace.com,Female,16/01/2023,213
85.539.060,Ian,Steenson,isteensonq7@mail.ru,Male,27/09/2022,213
13.088.420,Warden,Bracknell,wbracknelllu@gmpg.org,Male,04/02/2023,214
55.547.165,Dino,Stocking,dstockingot@about.com,Male,08/05/2023,215
22.491.071,Ario,Treverton,atrevertonqx@wordpress.com,Male,17/03/2023,215
24.483.226,Elden,Chatto,echattoa9@unc.edu,Male,26/08/2022,216
81.861.887,Jordon,Dominka,jdominkag4@etsy.com,Male,03/08/2022,216
81.979.819,Ludovico,Mercer,lmerceri1@sciencedirect.com,Male,06/05/2023,216
99.409.104,Lamont,Sevin,lsevinm9@yolasite.com,Genderqueer,19/04/2023,216
47.482.370,Bellanca,Clowsley,bclowsleyme@nationalgeographic.com,Genderqueer,22/12/2022,216
44.133.183,Scott,Farran,sfarranf3@google.co.jp,Male,27/12/2022,217
68.141.855,Emlynn,Tonkinson,etonkinson3b@oracle.com,Female,30/11/2022,218
22.884.977,Colly,Sothcott,csothcottis@amazon.co.jp,Female,25/11/2022,218
77.085.174,Micheline,Yarn,myarnmy@stumbleupon.com,Female,26/02/2023,218
58.373.784,Montague,Richings,mrichings8e@irs.gov,Genderqueer,02/11/2022,219
10.455.503,Mavra,Roze,mrozecd@pagesperso-orange.fr,Female,22/11/2022,219
45.619.641,Shanon,Woodfine,swoodfinefx@hc360.com,Female,08/09/2022,219
85.261.133,Isidor,Mathewson,imathewsongr@nationalgeographic.com,Male,29/12/2022,219
2.085.783,Lukas,Fakes,lfakesnk@accuweather.com,Male,09/04/2023,219
50.313.503,Cicily,Fieldstone,cfieldstone3h@npr.org,Female,17/07/2022,220
90.613.611,Brigid,Stivey,bstiveylw@berkeley.edu,Female,10/08/2022,220
70.632.537,Caleb,Nani,cnanidl@howstuffworks.com,Male,09/06/2022,221
6.604.751,Cookie,Perford,cperford6u@tumblr.com,Female,16/01/2023,222
13.791.498,Tod,Esplin,tespline9@tuttocitta.it,Male,25/05/2023,222
84.218.111,Wini,Gipp,wgippk9@wsj.com,Female,02/12/2022,222
62.299.177,Salomon,Swafield,sswafieldp9@google.com.au,Male,13/01/2023,222
18.973.557,Darya,Milstead,dmilsteadrc@ed.gov,Female,27/02/2023,222
47.864.791,Mathew,Ghione,mghionerh@java.com,Male,26/07/2022,222
46.769.548,Bernie,Pettegree,bpettegree7n@storify.com,Male,12/04/2023,223
38.682.248,Drusy,Kaubisch,dkaubischcg@blinklist.com,Genderfluid,04/06/2023,223
25.637.795,Beck,Longhi,blonghihs@t-online.de,Male,28/11/2022,223
12.768.255,Saul,Villaron,svillaronnt@bandcamp.com,Male,20/02/2023,223
59.540.823,Mavra,Nockles,mnocklesb4@businesswire.com,Female,20/09/2022,224
19.854.231,Bartram,Warret,bwarretkn@imgur.com,Male,16/01/2023,224
79.117.283,Arty,Buddle,abuddlep8@latimes.com,Male,31/05/2023,224
96.031.994,Hi,McGilleghole,hmcgillegholee@miitbeian.gov.cn,Male,27/12/2022,225
83.802.451,Elsbeth,Geipel,egeipel7a@barnesandnoble.com,Polygender,02/07/2022,225
50.307.782,Andrei,Bottrill,abottrillaj@wikia.com,Female,13/10/2022,225
56.173.903,Ernst,Mathon,emathonlt@wired.com,Male,07/08/2022,225
78.162.927,Glynnis,Tuppeny,gtuppeny5q@bbb.org,Female,28/10/2022,226
87.429.219,Donovan,Gathercole,dgathercole6l@google.nl,Male,16/04/2023,226
99.244.090,Brennen,Botterman,bbottermanjr@newsvine.com,Male,11/06/2022,226
68.951.993,Roxanne,Mitchelmore,rmitchelmoreqr@seesaa.net,Female,22/06/2022,226
89.286.878,Lewiss,Gerssam,lgerssam13@amazon.com,Male,21/02/2023,227
83.244.695,Joyce,Lasty,jlasty4i@mlb.com,Female,28/12/2022,227
64.515.143,Latashia,Dairton,ldairtongz@tamu.edu,Female,25/03/2023,227
52.542.029,Jaquenetta,Stoller,jstoller9q@linkedin.com,Female,18/10/2022,228
21.384.759,Wyatan,Vine,wvine9u@1688.com,Male,08/08/2022,228
34.177.214,Jacques,Sowood,jsowoodcm@yandex.ru,Male,02/07/2022,228
6.208.763,Bevin,Gommey,bgommeydj@acquirethisname.com,Male,28/02/2023,228
40.801.308,Misha,Tarrant,mtarrantge@google.pl,Female,03/10/2022,228
73.575.423,Granthem,Signori,gsignoriz@usa.gov,Male,19/01/2023,229
56.445.311,Alika,Molloy,amolloyf0@va.gov,Female,14/01/2023,229
76.804.028,Annalee,Swales,aswalespi@ox.ac.uk,Female,15/03/2023,229
9.121.383,Rene,McAne,rmcanehb@theglobeandmail.com,Agender,02/07/2022,230
6.839.579,Lizette,De Zuani,ldezuanikp@google.co.uk,Female,21/02/2023,230
45.591.795,Katharine,Bransgrove,kbransgrovere@drupal.org,Female,14/08/2022,230
98.451.393,Lew,Boffin,lboffinjs@paypal.com,Genderfluid,25/08/2022,231
42.717.075,Drud,Loutheane,dloutheane7m@utexas.edu,Male,02/04/2023,232
15.634.665,Simeon,Semered,ssemered8f@tmall.com,Male,25/08/2022,232
99.872.665,Kamillah,Bissatt,kbissattoz@ebay.com,Female,29/09/2022,232
24.311.035,Minnaminnie,Hanley,mhanleyq0@twitpic.com,Female,08/04/2023,232
63.344.400,Farica,Braithwait,fbraithwait7w@cloudflare.com,Female,17/06/2022,233
48.435.727,Ringo,Cudmore,rcudmoredz@howstuffworks.com,Male,31/07/2022,233
48.336.610,Hildagard,Pusey,hpuseyja@gizmodo.com,Female,23/08/2022,233
40.112.417,Saunder,Arno,sarnojx@icq.com,Male,03/03/2023,233
1.545.801,Sarajane,Hillam,shillamm4@utexas.edu,Female,25/05/2023,234
46.170.217,Waldo,Cordeix,wcordeix5i@tinypic.com,Male,27/01/2023,235
37.327.578,Philippe,Odgers,podgers82@nymag.com,Female,13/02/2023,235
62.464.655,Julienne,Whyler,jwhylerfk@howstuffworks.com,Female,22/03/2023,235
36.258.305,Elihu,Haskayne,ehaskayne5t@arstechnica.com,Male,17/06/2022,236
39.133.445,Dennis,Gentle,dgentle72@abc.net.au,Male,09/07/2022,236
55.904.573,Tome,Meuse,tmeusec8@oracle.com,Male,13/09/2022,236
78.455.635,Nancee,Fardell,nfardelleu@sina.com.cn,Female,27/12/2022,236
77.230.436,Sutton,Jenkinson,sjenkinsonh1@sciencedaily.com,Male,11/11/2022,236
77.710.114,Erek,Brackpool,ebrackpooljl@technorati.com,Male,29/08/2022,236
18.459.464,Janetta,Bullard,jbullardma@ebay.co.uk,Female,02/05/2023,236
36.907.587,Stan,Giamo,sgiamola@imdb.com,Male,09/12/2022,237
34.416.446,Aloisia,Seydlitz,aseydlitzqz@barnesandnoble.com,Female,26/09/2022,237
16.142.077,Ivonne,O'Lehane,iolehane9@amazon.co.uk,Polygender,28/01/2023,238
9.132.253,Jordon,Frankel,jfrankelr@fc2.com,Male,16/11/2022,238
55.506.111,Cristionna,Alday,caldayco@house.gov,Female,27/10/2022,238
64.918.169,Ilka,Huyghe,ihuyghepw@illinois.edu,Non-binary,13/08/2022,238
50.592.472,Zebulon,Grzegorczyk,zgrzegorczykqv@microsoft.com,Agender,17/01/2023,238
33.934.994,Laryssa,Vials,lvials3d@harvard.edu,Female,10/03/2023,239
11.195.222,Cosimo,Gwynne,cgwynneay@hubpages.com,Male,27/09/2022,239
48.687.659,Legra,De la Feld,ldelafeldk1@wikia.com,Polygender,12/03/2023,239
1.463.722,Allard,Collyear,acollyearql@weebly.com,Male,23/01/2023,239
29.408.415,Byron,Andreou,bandreou1i@hp.com,Male,03/04/2023,240
73.196.375,Alisa,Rigge,arigge2c@cmu.edu,Female,23/08/2022,240
37.670.059,Anatol,Cowperthwaite,acowperthwaitehk@redcross.org,Male,06/02/2023,240
27.196.546,Obediah,Bartels,obartelsih@macromedia.com,Male,04/02/2023,240
44.666.435,Frants,Eglaise,feglaise2i@fema.gov,Male,28/12/2022,241
79.498.751,Killian,Norfolk,knorfolk3a@telegraph.co.uk,Male,17/12/2022,241
46.922.789,Sheryl,Cattroll,scattroll61@51.la,Female,24/07/2022,241
59.450.693,Wendall,Lewsey,wlewsey6k@printfriendly.com,Genderqueer,02/04/2023,241
18.039.840,Kirbee,Conroy,kconroye2@bbc.co.uk,Female,29/01/2023,241
66.933.987,Clary,Demaid,cdemaidf2@google.com.au,Female,03/02/2023,241
87.159.683,Marge,Strangeway,mstrangeway6y@narod.ru,Female,06/02/2023,242
11.250.624,Dulcea,Gellibrand,dgellibrandab@hao123.com,Female,13/12/2022,242
77.871.674,Talya,Batiste,tbatister4@slate.com,Female,01/06/2023,242
45.475.202,Meta,Band,mband6e@go.com,Female,11/05/2023,243
66.652.883,Benedicto,Jennison,bjennison7b@posterous.com,Male,11/07/2022,243
4.538.987,Cirstoforo,Rizon,crizon7x@bloglovin.com,Male,04/07/2022,243
78.988.101,Aldrich,Duckhouse,aduckhousei0@sciencedirect.com,Male,27/04/2023,243
98.358.951,Aindrea,Peirce,apeirceki@sogou.com,Female,08/05/2023,243
21.381.534,Laurette,Caudle,lcaudle6q@bbc.co.uk,Female,10/11/2022,245
66.723.863,Robina,Snoddon,rsnoddoneo@exblog.jp,Female,21/11/2022,245
29.125.013,Tova,Sagar,tsagarmm@amazon.co.jp,Female,20/06/2022,245
42.980.882,Virgie,Sambell,vsambell3s@chronoengine.com,Polygender,26/12/2022,246
81.716.060,Killian,Struthers,kstruthersdk@ocn.ne.jp,Male,09/06/2022,246
71.177.097,Donetta,Roddick,droddickg3@infoseek.co.jp,Bigender,03/10/2022,246
85.753.758,Lilia,Mead,lmeadip@arstechnica.com,Female,22/11/2022,246
44.434.464,Archie,Rawle,arawleoo@technorati.com,Polygender,21/08/2022,246
36.160.527,Mace,Rutland,mrutlands@de.vu,Male,08/10/2022,247
71.395.145,Katherina,Dietzler,kdietzler6o@hhs.gov,Female,08/07/2022,247
21.513.380,Neilla,Hamshere,nhamshere79@g.co,Female,10/05/2023,247
67.527.237,Benetta,Sprules,bsprulesj6@state.tx.us,Female,30/01/2023,247
2.223.139,Filmore,Kearn,fkearn3t@posterous.com,Male,22/10/2022,248
95.436.354,Walden,Tanslie,wtanslie9l@hc360.com,Male,03/05/2023,248
8.658.919,Ritchie,Boliver,rboliverd7@pagesperso-orange.fr,Male,13/07/2022,248
29.347.064,Theodoric,Tooher,ttooherpf@spiegel.de,Male,09/04/2023,248
55.327.392,Nonnah,Dericot,ndericotpz@soundcloud.com,Female,05/04/2023,248
75.503.324,Dall,Tame,dtame15@slate.com,Male,22/10/2022,249
46.634.874,Silvester,Greenrde,sgreenrde6g@amazon.co.uk,Male,12/04/2023,250
81.231.857,Alick,Yarham,ayarhamer@cdc.gov,Male,18/10/2022,250
73.987.996,Modestia,Stogill,mstogillf9@shop-pro.jp,Female,05/02/2023,250
36.686.792,Carline,Bingall,cbingallh3@abc.net.au,Female,20/06/2022,250
65.042.608,Dennie,Misk,dmiskri@google.it,Non-binary,04/10/2022,250
60.175.474,Jarid,Smiley,jsmileyv@theglobeandmail.com,Male,01/12/2022,251
64.013.911,Garret,Simmons,gsimmons1a@bandcamp.com,Male,29/12/2022,251
20.455.100,Petey,Budd,pbudd8v@java.com,Male,18/04/2023,252
97.485.437,Tiffy,Bambrick,tbambrickc3@cpanel.net,Female,30/10/2022,253
79.637.020,Tiphani,Emslie,temslieds@jiathis.com,Female,31/03/2023,253
38.711.640,Odelinda,Lackham,olackhamkz@google.it,Polygender,27/08/2022,253
82.551.270,Randi,Sandry,rsandrya8@typepad.com,Male,23/05/2023,254
11.577.656,Bobina,Blankenship,bblankenshipcj@narod.ru,Female,16/08/2022,254
14.195.274,Tim,Farrin,tfarrinhq@dion.ne.jp,Male,06/12/2022,254
46.982.609,Minnaminnie,Garrud,mgarrud4l@aboutads.info,Female,21/08/2022,255
26.449.958,Avril,Gowthrop,agowthropll@fda.gov,Female,20/10/2022,255
30.408.660,Gianni,Antonoczyk,gantonoczykrk@hp.com,Male,03/10/2022,255
34.503.184,Dyan,Weymouth,dweymouthm@soundcloud.com,Female,24/05/2023,256
74.431.471,Jory,Jerschke,jjerschke69@earthlink.net,Male,04/08/2022,256
14.599.853,Judd,Danher,jdanhergw@admin.ch,Male,18/08/2022,256
78.979.635,Pascal,Dessaur,pdessaurij@amazon.co.jp,Male,25/03/2023,256
99.080.749,Susanetta,Stenson,sstensong@alexa.com,Female,30/01/2023,257
22.569.418,Lonnard,Fenkel,lfenkel1b@reuters.com,Non-binary,11/07/2022,257
54.934.188,Land,Swannell,lswannell4g@addtoany.com,Male,24/04/2023,257
2.292.252,Shaina,Rolles,srolles8g@paginegialle.it,Female,12/09/2022,257
69.465.236,Caddric,Wolfer,cwolfermt@mit.edu,Male,14/09/2022,257
30.506.997,Marcos,Spellsworth,mspellsworthmu@zdnet.com,Male,30/08/2022,257
33.704.185,Dukie,Belverstone,dbelverstonec1@ameblo.jp,Male,19/04/2023,258
95.012.405,Lark,Critchley,lcritchleykv@blog.com,Female,29/12/2022,258
80.594.076,Gideon,Duckham,gduckhamm5@cpanel.net,Male,25/11/2022,258
8.850.132,Albertina,Mellmoth,amellmoth11@weather.com,Female,08/08/2022,259
18.193.196,Drucy,Klewi,dklewi3j@marketwatch.com,Female,24/08/2022,259
34.179.482,Casper,Ellit,cellit7e@independent.co.uk,Non-binary,18/02/2023,259
87.578.365,Nonah,Dewberry,ndewberryc9@typepad.com,Female,09/11/2022,259
9.890.390,Ximenez,Carriage,xcarriaged1@blinklist.com,Male,04/09/2022,259
4.094.471,Vin,Muzzi,vmuzzifz@ed.gov,Polygender,22/03/2023,259
36.964.719,Johnnie,Klamp,jklamphf@skype.com,Male,07/04/2023,259
47.542.386,Mikael,Morland,mmorlandkk@shutterfly.com,Male,03/12/2022,259
18.564.047,Rufus,Fink,rfinkne@bbc.co.uk,Male,03/08/2022,259
93.224.660,Devonne,Plom,dplomqd@goo.gl,Female,18/11/2022,259
34.054.472,Emmy,Bausor,ebausor1n@sakura.ne.jp,Male,07/08/2022,260
50.717.386,Starla,Skey,sskey5w@timesonline.co.uk,Female,27/04/2023,260
80.932.572,Kerwin,Ginni,kginnigh@trellian.com,Male,15/09/2022,260
62.086.814,Jeramey,Carney,jcarneyha@va.gov,Male,31/05/2023,260
73.858.505,Kandy,Creenan,kcreenanik@boston.com,Female,29/05/2023,260
22.677.510,Lorin,Ogle,loglekr@shutterfly.com,Male,04/07/2022,260
82.728.609,Norby,Thorald,nthoraldnd@apache.org,Genderfluid,11/01/2023,260
19.507.883,Vannie,Ponten,vponten5a@google.it,Female,07/03/2023,261
683.708,Fenelia,Destouche,fdestouche8d@angelfire.com,Female,16/08/2022,261
1.086.349,Giselbert,Twaits,gtwaits33@amazon.co.uk,Male,03/06/2023,262
16.469.019,Maximilianus,Featherbie,mfeatherbiea2@hud.gov,Male,01/09/2022,262
21.244.101,Adriana,Apps,aappsaf@chicagotribune.com,Female,21/09/2022,262
7.605.601,Currie,Croizier,ccroizierkf@google.ru,Male,17/07/2022,262
66.906.453,Ulberto,Zylberdik,uzylberdiklr@home.pl,Male,29/09/2022,262
21.569.088,Ricca,Heinsius,rheinsiusrp@etsy.com,Female,31/08/2022,262
75.503.904,Cammy,Gerbl,cgerbl29@ehow.com,Female,04/06/2023,263
68.279.915,Arielle,Harrowell,aharrowell59@sogou.com,Female,11/12/2022,263
51.864.654,Tyrus,Morit,tmorit87@typepad.com,Male,05/03/2023,263
34.115.649,Chastity,McCaighey,cmccaigheyie@si.edu,Female,12/12/2022,263
83.433.096,Raf,Dalloway,rdallowayit@harvard.edu,Female,17/02/2023,263
71.388.426,Yancy,Bax,ybaxq2@51.la,Male,08/03/2023,263
83.689.664,Caz,Grose,cgrose46@archive.org,Male,09/11/2022,264
6.142.590,Nicolette,Godilington,ngodilington5p@networkadvertising.org,Female,06/09/2022,264
95.938.291,Tulley,Linkin,tlinkinbi@ca.gov,Male,19/02/2023,264
22.672.640,Corliss,Shulem,cshulemqj@addthis.com,Female,22/06/2022,264
64.855.301,Octavius,Hedley,ohedley20@umn.edu,Male,26/08/2022,266
15.782.588,Aviva,Lanigan,alanigan6n@princeton.edu,Agender,04/11/2022,266
59.356.669,Cazzie,Batterbee,cbatterbeek0@fema.gov,Male,20/06/2022,266
30.203.127,Cherlyn,Forte,cfortelb@list-manage.com,Female,15/10/2022,266
46.974.288,Garek,Baudinot,gbaudinot35@i2i.jp,Male,07/05/2023,267
85.757.074,Earvin,Braemer,ebraemerak@bizjournals.com,Male,19/02/2023,267
98.092.490,Sascha,Petrescu,spetrescucz@yandex.ru,Male,16/03/2023,267
2.594.108,Loren,Reader,lreader2g@uiuc.edu,Male,28/07/2022,268
20.542.765,Holmes,Durnian,hdurnian2q@wix.com,Genderfluid,12/05/2023,268
24.124.943,Baldwin,Clemmey,bclemmey4a@typepad.com,Male,19/03/2023,268
61.302.029,Vail,Chadburn,vchadburnbn@t-online.de,Male,02/05/2023,268
68.974.446,Mari,Coutts,mcouttso3@house.gov,Female,31/05/2023,268
15.864.362,Amery,Woolis,awoolisbc@goo.ne.jp,Male,25/07/2022,269
97.105.180,Remington,Vernalls,rvernallsfn@admin.ch,Male,08/10/2022,269
96.358.210,Salomi,Stonard,sstonard8p@harvard.edu,Female,26/12/2022,270
30.402.754,Dacia,Breche,dbrechepc@alibaba.com,Female,15/07/2022,270
79.470.451,Fowler,Musico,fmusicofv@msn.com,Male,16/08/2022,271
80.633.438,Gordan,Wonfar,gwonfarpe@last.fm,Male,16/07/2022,271
519.704,Lesly,Hargrove,lhargrove8s@senate.gov,Female,16/12/2022,272
96.349.359,Jarrett,Jordan,jjordancw@google.de,Male,01/02/2023,272
69.332.672,Mead,Keeffe,mkeeffeo5@comcast.net,Female,24/02/2023,272
70.994.396,Mercy,Manoelli,mmanoelliof@ibm.com,Female,04/05/2023,272
23.787.463,Elliot,Dohms,edohmsfs@patch.com,Male,17/06/2022,273
19.315.233,Gerardo,Panniers,gpanniersh9@theguardian.com,Agender,27/09/2022,273
14.860.678,Orrin,Ridsdole,oridsdolehj@wired.com,Genderqueer,31/10/2022,274
22.428.525,Valene,Welden,vweldeniz@hhs.gov,Female,27/02/2023,275
34.030.435,Mari,Ralfe,mralfekd@shop-pro.jp,Genderqueer,01/01/2023,275
18.255.643,Cassy,Kohler,ckohlerg2@discovery.com,Female,18/05/2023,276
64.097.927,Etty,Fearns,efearnsh8@g.co,Female,25/10/2022,276
62.585.102,Elisabeth,Bezant,ebezantj5@mozilla.org,Female,18/11/2022,276
36.789.331,Marietta,Barrs,mbarrsjz@cdc.gov,Male,19/02/2023,276
9.005.987,Donnie,Morton,dmorton7@usda.gov,Female,27/08/2022,277
6.761.368,Ricoriki,Collough,rcolloughgy@bing.com,Male,13/08/2022,277
21.780.315,Lionello,Blacklawe,lblacklawe18@netscape.com,Male,12/06/2022,279
14.492.354,Sayers,Greenless,sgreenless50@com.com,Male,18/03/2023,279
53.371.574,Barbette,Hirche,bhirche6t@census.gov,Female,25/10/2022,279
34.657.140,Amelie,Knutsen,aknutsenag@amazonaws.com,Female,09/12/2022,279
43.091.357,Onfroi,Brute,obrute25@intel.com,Male,05/02/2023,280
84.640.216,Athene,Gowland,agowland4r@blogs.com,Female,30/09/2022,280
92.758.838,Dillie,Ciobutaro,dciobutaroar@jigsy.com,Male,05/12/2022,280
2.983.158,Loise,Shaw,lshawnp@1688.com,Female,29/05/2023,280
49.013.436,Sid,Guerreiro,sguerreiro3f@about.com,Male,26/05/2023,281
24.959.973,Prent,Crebo,pcrebo78@webeden.co.uk,Male,08/01/2023,281
18.466.004,Percival,Farthin,pfarthincb@patch.com,Male,21/12/2022,281
2.790.612,Hally,Paulmann,hpaulmannfa@google.com.hk,Female,03/07/2022,281
11.214.741,Cacilia,Crole,ccrolel6@deliciousdays.com,Female,14/07/2022,281
43.339.387,Theodosia,Pawellek,tpawellekmh@typepad.com,Female,26/12/2022,281
60.708.469,Devina,Ilyinykh,dilyinykhn2@examiner.com,Female,26/10/2022,281
14.345.911,Kahlil,Chawner,kchawnerq3@ycombinator.com,Male,14/05/2023,281
46.929.162,Corinne,Sumnall,csumnall5o@admin.ch,Female,20/06/2022,282
22.673.747,Rubie,Ballam,rballamfd@trellian.com,Female,29/01/2023,282
74.378.372,Conn,Curley,ccurleypl@go.com,Male,08/03/2023,282
71.388.317,Juliana,Egger,jegger8@columbia.edu,Female,16/04/2023,283
31.212.625,Melodie,Housegoe,mhousegoe2r@nymag.com,Female,28/07/2022,283
82.166.097,Livy,Moorwood,lmoorwood7o@marketwatch.com,Female,26/01/2023,283
55.683.801,Rita,Slaughter,rslaughterl9@phpbb.com,Female,25/05/2023,283
5.272.546,Tracie,Freddi,tfreddimf@google.com.au,Male,10/09/2022,283
2.952.906,Jacquette,Watkiss,jwatkissnv@mit.edu,Female,27/01/2023,283
34.558.869,Sheila-kathryn,Blakeney,sblakeney12@ebay.co.uk,Agender,08/04/2023,284
67.182.922,Michaella,Shippard,mshippard2o@bravesites.com,Genderqueer,15/03/2023,284
2.838.603,Nicolas,Ritzman,nritzman3p@gov.uk,Male,12/12/2022,284
90.787.531,Jeffry,Turland,jturland7i@foxnews.com,Male,30/06/2022,284
35.825.891,Steward,Hubery,shuberyf4@example.com,Male,03/03/2023,284
14.901.613,Faustine,Latek,flatekj1@1und1.de,Polygender,31/01/2023,284
15.339.324,Yuri,De Morena,ydemorenaje@vistaprint.com,Male,09/11/2022,284
69.190.932,Cathy,Hayler,chaylerq5@google.co.uk,Female,11/03/2023,284
11.101.930,Royal,Tufts,rtufts1t@npr.org,Male,18/05/2023,285
5.528.718,Tine,Tomich,ttomich93@lycos.com,Female,14/08/2022,285
21.347.819,Zorana,Bisseker,zbissekere1@fema.gov,Female,13/07/2022,285
29.836.346,Marijo,Strongman,mstrongmanlo@hud.gov,Female,19/05/2023,285
24.593.005,Garrik,Segeswoeth,gsegeswoeth80@wikispaces.com,Male,12/08/2022,286
43.253.891,Rowland,Weddell,rweddelldx@bizjournals.com,Male,08/03/2023,286
90.412.895,Paulie,Seamans,pseamansi5@merriam-webster.com,Polygender,30/07/2022,286
73.136.592,Walton,Vinnick,wvinnickj9@yandex.ru,Male,21/09/2022,286
64.423.716,Pansie,Shervil,pshervill3@nymag.com,Female,29/06/2022,286
73.648.401,Cris,Beddis,cbeddisox@gov.uk,Male,16/02/2023,286
16.607.362,Duff,Rubinow,drubinowq6@is.gd,Male,26/08/2022,286
41.255.358,Paige,Vasilyonok,pvasilyonokqo@umn.edu,Non-binary,20/01/2023,286
94.798.279,Hilton,Bowker,hbowkerg0@acquirethisname.com,Male,12/08/2022,287
17.078.219,Phillida,Beelby,pbeelbyli@jugem.jp,Female,24/09/2022,287
19.897.986,Minny,Oxenbury,moxenburyp4@wufoo.com,Female,08/12/2022,287
45.990.520,Ottilie,Hows,ohowsa4@cdc.gov,Female,01/05/2023,288
40.482.289,Yurik,De Giovanni,ydegiovannig6@blogger.com,Male,25/11/2022,288
13.311.819,Marvin,Swyer,mswyerio@nsw.gov.au,Male,16/10/2022,288
89.883.190,Johnette,OIlier,joilierjg@cnn.com,Female,13/04/2023,288
10.076.365,Morgan,Peat,mpeatjp@purevolume.com,Female,10/05/2023,288
44.736.641,Padraic,Ladyman,pladymanhi@ftc.gov,Male,30/11/2022,289
24.395.464,Joann,MacLoughlin,jmacloughlinln@google.com.au,Agender,28/11/2022,289
7.921.913,Freeman,Goodrick,fgoodrick5b@w3.org,Male,25/08/2022,290
77.954.745,Gretta,Giacomozzo,ggiacomozzogf@issuu.com,Female,27/12/2022,290
10.307.806,Rudolph,Boltwood,rboltwoodhg@harvard.edu,Male,20/10/2022,290
79.602.728,Pietro,Wedmore.,pwedmoremo@wunderground.com,Male,01/05/2023,290
79.518.412,Ferrell,Stute,fstute4t@paypal.com,Male,10/11/2022,291
62.360.039,Dieter,Plaster,dplaster7c@reddit.com,Male,08/06/2022,291
15.568.578,Fowler,Lisamore,flisamore7v@domainmarket.com,Male,03/01/2023,291
34.216.627,Jeffie,Whatsize,jwhatsizeby@netlog.com,Male,31/03/2023,291
41.092.935,Madella,Hogsden,mhogsdenmq@nsw.gov.au,Female,10/08/2022,291
1.444.894,Blisse,Gammett,bgammettau@noaa.gov,Female,09/10/2022,292
70.502.978,Elora,Dashkov,edashkovf8@clickbank.net,Female,12/06/2022,292
69.351.298,Ulrick,Ghidoni,ughidoni4y@cbc.ca,Male,19/02/2023,293
42.763.642,Boony,Jizhaki,bjizhaki51@ca.gov,Male,06/09/2022,293
72.244.799,Axe,Haffenden,ahaffenden9r@ft.com,Male,08/10/2022,294
11.984.349,Randolph,Cowden,rcowdenen@thetimes.co.uk,Male,07/11/2022,294
75.726.534,Hillyer,Magog,hmagoghd@last.fm,Male,29/09/2022,294
31.473.177,Mitzi,Cotes,mcotesm6@economist.com,Female,21/09/2022,294
94.194.037,Hamil,Lynett,hlynett65@nasa.gov,Male,22/05/2023,295
44.066.686,Baillie,Swancock,bswancockdb@lulu.com,Male,18/04/2023,295
26.716.118,Corella,Hansemann,chansemannjb@narod.ru,Female,05/02/2023,295
45.449.986,Brita,McMeeking,bmcmeekingkg@nyu.edu,Female,02/08/2022,295
77.585.085,Katleen,Anscombe,kanscombeoe@discuz.net,Female,11/05/2023,295
19.864.645,Rorie,Greasty,rgreasty8c@lycos.com,Female,21/05/2023,296
20.033.274,Kit,Orringe,korringebm@howstuffworks.com,Male,04/05/2023,296
51.933.182,Marillin,Frogley,mfrogleylv@fema.gov,Female,14/06/2022,296
86.827.836,Elisabetta,Pyatt,epyattoj@example.com,Female,22/06/2022,297
3.616.656,Xenia,Lawlor,xlawlor1@mtv.com,Female,25/11/2022,298
53.978.629,Gareth,Richfield,grichfieldb5@privacy.gov.au,Male,23/09/2022,298
86.081.106,Daren,Raft,draftmi@independent.co.uk,Non-binary,18/04/2023,298
13.457.769,Morse,McCheyne,mmccheyneh7@angelfire.com,Male,05/01/2023,299
19.101.457,Worthington,Andriveaux,wandriveauxbu@imdb.com,Bigender,22/08/2022,300
96.718.456,Jocelyn,Caskey,jcaskeyko@gov.uk,Agender,21/06/2022,300