<?xml version="1.0" encoding="UTF-8"?>
<project-private xmlns="http://www.netbeans.org/ns/project-private/1">
    <editor-bookmarks xmlns="http://www.netbeans.org/ns/editor-bookmarks/2" lastBookmarkId="0"/>
    <open-files xmlns="http://www.netbeans.org/ns/projectui-open-files/2">
        <group>
            <file>file:/C:/Users/andre/OneDrive/Documentos/NetBeansProjects/Proyecto2Santiago/src/proyecto2santiago/GuestsList.java</file>
            <file>file:/C:/Users/andre/OneDrive/Documentos/NetBeansProjects/Proyecto2Santiago/src/proyecto2santiago/HashTable_Clients.java</file>
            <file>file:/C:/Users/andre/OneDrive/Documentos/NetBeansProjects/Proyecto2Santiago/src/proyecto2santiago/BinarySearchTree_Record.java</file>
            <file>file:/C:/Users/andre/OneDrive/Documentos/NetBeansProjects/Proyecto2Santiago/src/proyecto2santiago/Hotel_Administration.java</file>
            <file>file:/C:/Users/andre/OneDrive/Documentos/NetBeansProjects/Proyecto2Santiago/src/proyecto2santiago/BinarySearchTree_Reservations.java</file>
            <file>file:/C:/Users/andre/OneDrive/Documentos/NetBeansProjects/Proyecto2Santiago/src/proyecto2santiago/BDD_Rooms.java</file>
            <file>file:/C:/Users/andre/OneDrive/Documentos/NetBeansProjects/Proyecto2Santiago/src/proyecto2santiago/CheckIn_menu.java</file>
            <file>file:/C:/Users/andre/OneDrive/Documentos/NetBeansProjects/Proyecto2Santiago/src/proyecto2santiago/CheckOut_menu.java</file>
        </group>
    </open-files>
</project-private>
